Name,Label
00a3225ef6,black
0105a1c836,black
0124e36094,black
02db69e20c,black
03e58e36d0,black
04035fad8c,black
0416ce7a23,black
049bbb5682,black
04a93c94ca,black
04b2cbd14a,black
054c3c45c9,black
05807948c0,black
063f455123,black
06bfe44a3e,black
06d90feac6,black
06f71deb4b,black
07533d01ec,black
0805887f13,black
08acf67793,black
08c4b7d380,black
095b15b847,black
095bfe97cb,black
0a9a7e401c,black
0b4d184252,black
0c4482d9cc,black
0cd40021dd,black
0d18e83c2a,black
0e995c127c,black
0ebc1c7f65,black
0ec33c8cfd,black
0f15e11fd8,black
11df9d767d,black
1394456e83,black
13ff8983a3,black
1501a8ca07,black
15c1263100,black
15f74a2083,black
16b4a44c55,black
16c1ba5b21,black
17c7c1e919,black
18a4df8435,black
18ada56e81,black
1a0ad6e255,black
1a21c86cbb,black
1a25ec9cb1,black
1a760f36f2,black
1ac2b43ce6,black
1b458449a1,black
1b9428eced,black
1cc1fccc39,black
1cc4c79422,black
1d4013153e,black
1ded3f08ab,black
1e256031e6,black
1e7d59e3b1,black
1e8b1fa639,black
1f10243295,black
1f2fa08321,black
1fab6c5735,black
2071946372,black
20b3e9b9e4,black
2166dab85f,black
218b303ad0,black
21b8179313,black
223cc94883,black
2307f09833,black
25570b3b2b,black
2a08032ec6,black
2a0a53f572,black
2a66eb96be,black
2c27164b63,black
2e0080b946,black
2e73dd1f71,black
2e85a40194,black
3127db3a40,black
3223af8cd7,black
32376e7fe1,black
32d546f6ce,black
32ef430200,black
332cefc22c,black
33e7c7e7d5,black
342232f4db,black
3454b18678,black
347c13a358,black
3560a1a1cc,black
357f7f0906,black
366b7ec8f2,black
369f09c847,black
36ae2f1ab4,black
36b44e3ab3,black
36c971b8a0,black
3727204928,black
377039f3bc,black
38899cbc1e,black
38da7a5f3b,black
3a95eb6d00,black
3baefa98d2,black
3c43396969,black
3d2a968368,black
3d484c8f14,black
3e20d9b94a,black
405ecfcb65,black
40a6d299e2,black
412f555b53,black
41ca66f140,black
41f5742aa6,black
423c4aa406,black
429529f07e,black
42b8fae226,black
431ded01b5,black
4369a64408,black
443ca9520b,black
44a9fcf6d8,black
45e7c0158d,black
466e3259c5,black
475082967c,black
47b15f65e6,black
483c6dc55d,black
48c8135fae,black
48f8bde220,black
493e1fa884,black
4ab10ae89a,black
4b53dbcd83,black
4c3f7b797b,black
4c5d83bba4,black
4d785ff958,black
4e00096af0,black
4f351e3377,black
5133837792,black
51483705cf,black
51792330aa,black
51e01f23c2,black
520c5472b5,black
520e4b1cb7,black
524d04afdc,black
528fab1c34,black
5294c2dde4,black
5404378e43,black
544a4f8adb,black
54a6d5f4b8,black
559e99411a,black
581d6a1ef0,black
583d0f61a5,black
58f80a7526,black
5a00420820,black
5a5f50b9ed,black
5b35dce141,black
5b40c1e1f5,black
5c03ac7b91,black
5d2ed9454c,black
5d464c4dba,black
5e93e01168,black
5edd13fed4,black
5fe63450bb,black
612097aa45,black
61a66bea99,black
628b358f25,black
6403a1682c,black
64b3724df6,black
64c0b49b34,black
65bb765b0f,black
665c267316,black
665e1f5695,black
66e3deb2b4,black
6781d26f55,black
67b944349f,black
68073d59b4,black
68d8a6db7a,black
68dd237189,black
69ab089d8d,black
6b59afe0fa,black
6b76cbf826,black
6baac9477c,black
6c079b3c8e,black
6deeb71e99,black
6e0b9e43db,black
6e33be3a16,black
6e49287c10,black
6f22df81b0,black
6f5e8db263,black
6f9ec04da0,black
6fed68b4f3,black
7078342948,black
709be08d6a,black
71d18d64f5,black
7387003c5b,black
744d42f636,black
74ff6180ee,black
75467a570c,black
76a0ad7332,black
76fd67d834,black
771890e24b,black
77628bef1f,black
77fa9c30a4,black
78729b91d7,black
795658cea6,black
7a2a949f09,black
7a2dc34ab2,black
7c27a8c963,black
7d6d431a77,black
7d6f88720b,black
7e75ff28e2,black
7e7da2a0ad,black
7ece314d2f,black
80faec444d,black
813ac74b6d,black
82010bfe31,black
826bcb5f55,black
8320db2742,black
83d2076c1c,black
83de44d022,black
83ea006732,black
8488d29670,black
84979ff4bb,black
8644808508,black
874b8e6b0d,black
8859768b86,black
89cf27b3d5,black
8a097a8937,black
8a8147e209,black
8b07932e83,black
8b3d91ceca,black
8bbad4b97f,black
8c51fc6e59,black
8c57e80cd5,black
8d4f318b49,black
8d730e6478,black
8e7d20d1a5,black
90239031e2,black
917b7b1dc0,black
91859d06f5,black
921155a8ee,black
9457caf725,black
94acd2334a,black
956561798d,black
95dff32977,black
96bffb389b,black
97542eb6f4,black
98568c2483,black
98f50fefea,black
994fb51a45,black
9bc0058f01,black
9c5af7e1b2,black
9ccf5579a2,black
9cfff4fcb1,black
9d80ae1859,black
9d909935d9,black
9e269aa6f2,black
9e69d12bcd,black
9e6ef640b8,black
9eaa79f668,black
9ed4a79685,black
9ed85d7068,black
9ee74690ef,black
9f211bd125,black
9fa8a84cd8,black
a01a6b0c0f,black
a077726447,black
a0d2c7bdba,black
a187320cb3,black
a2525a124f,black
a354afa346,black
a5dd742be2,black
a70dce2ae4,black
a81eaabdc7,black
a9af6673f6,black
aa183440c3,black
aa65619515,black
aae978d1b5,black
ab3f0075a1,black
ab4bf3ad02,black
ab6f1c7684,black
ab739d1b50,black
acda5d9262,black
adc0a48425,black
adc4d6aeab,black
add823e4e5,black
af061277c8,black
af855af76e,black
afad730e28,black
b0057cb321,black
b03829c514,black
b06328e1ef,black
b0f3b63352,black
b11439b516,black
b1bd8acab6,black
b1c71e3752,black
b1fda26de4,black
b268f9e079,black
b369040c39,black
b4301468d2,black
b4c8c1159c,black
b5336e86f1,black
b5f138d357,black
b659242fe6,black
b7625c477a,black
b85af3c670,black
b8e985dbcf,black
b9c3bc585e,black
ba134fa394,black
bac6c7208e,black
bad72577bc,black
bb4289daef,black
bd2f62074b,black
be22da5f01,black
be911b3951,black
bec2771905,black
befb483833,black
bf5fda74ff,black
bf6f398f0d,black
c12dd4aaa7,black
c1a0867bdb,black
c1f0309d27,black
c2611562fe,black
c2726c3bc4,black
c29b41a291,black
c2e56c44bd,black
c337c1b440,black
c4241521d4,black
c4f040514a,black
c4fcb59e40,black
c52b7f2048,black
c5712e7a89,black
c5918023b1,black
c607f4ddcc,black
c62136b471,black
c64b9b5a19,black
c65ff6aa0a,black
c6c1328c5f,black
c76033d904,black
ca55cb601b,black
cac2d099a6,black
cc3d245f1c,black
cf14972c43,black
cfae6a4222,black
cfb863cccb,black
cfefb71aee,black
d088085edd,black
d0b8c8fd6c,black
d0cec1b80f,black
d0e048f08d,black
d1c1f5eef6,black
d2f98e88a4,black
d396ecb62b,black
d3ea0ce01f,black
d59e501d7c,black
d5c995e41b,black
d5df4a01c8,black
d662056e73,black
d73feb1404,black
d88cdd4afb,black
d9146e2b15,black
d9708e52e9,black
d9879ffcc2,black
d992606869,black
d9fbbd084e,black
da936b0f2e,black
dabcdac5c8,black
dae38ee829,black
dc35db12cb,black
dc4b36c217,black
dc8143d408,black
dc974d3478,black
dcf8fadafc,black
ddf214335f,black
de9f7450d3,black
e0efd66a68,black
e2dc575f2a,black
e3c8a5fcbc,black
e446b36203,black
e4d9cd9042,black
e562c0db05,black
e694cf31b5,black
e6b967c638,black
e8a5990022,black
ea8017eef6,black
ec8390f728,black
ed5e64c13b,black
edc93c1185,black
ef1392aa0c,black
ef7427e039,black
efae457cd0,black
efaf9b00a4,black
f05a79f3b7,black
f05e7b8c3b,black
f1b9e07a1c,black
f2410de17e,black
f32eb10031,black
f5b9ead884,black
f63414a2e8,black
f667b21500,black
f7183feb3b,black
f79f10cc1d,black
f7c82adc38,black
f7ef9c1bc9,black
f952931419,black
f95da6bbc1,black
f9bb4d6445,black
fa7536d627,black
fb6103dcd4,black
fb6d1e779e,black
fd29364980,black
fe5ac626b1,black
ff024b7bce,black
ff1a1b35d7,black
ff566ae8e2,black
0009a2f7b0,blue
0034dec06b,blue
00becb1397,blue
00e4a51c20,blue
013d9e041c,blue
0143fbf07d,blue
0147c6e1ca,blue
015f8c63da,blue
01aef89f7f,blue
01b4202a1f,blue
01bcc025c5,blue
0316589b9f,blue
0318f4a1b0,blue
03477e17c6,blue
0377a24bff,blue
03be27b6e5,blue
03d38afc66,blue
041d372f77,blue
0480cbc67c,blue
053bde080a,blue
055f9d04c3,blue
069e6f6a49,blue
06e8625283,blue
079523ff49,blue
07a61dd4ae,blue
07bb0fe4f6,blue
07c85eb69b,blue
0810fc4a63,blue
0896ab4970,blue
089722a833,blue
089dbf187d,blue
08deb4855f,blue
090d4fe427,blue
09354ebb93,blue
09ea952ed3,blue
09f5ffc371,blue
0a0963575d,blue
0a217b9d50,blue
0aacb2b119,blue
0abddc1783,blue
0af94ce829,blue
0b02172dc2,blue
0b1a24e0af,blue
0b7f8b5239,blue
0c25ef51bb,blue
0cb5ebb904,blue
0ce8a60c73,blue
0cfb53bcf0,blue
0d54ffef81,blue
0d89819055,blue
0dabad452a,blue
0db160b67b,blue
0dc4569418,blue
0e4a335005,blue
0e8b9cb763,blue
0e93f737b8,blue
0eb925ff0e,blue
0ec5e0cba8,blue
0edc87db56,blue
0f2c47a824,blue
0fa44a4a43,blue
0fe2f148d1,blue
1001153512,blue
1029f00eea,blue
1052aef969,blue
1069f73363,blue
1139401ef6,blue
1183a92e74,blue
11a3274237,blue
11d8dac8f6,blue
139fb9262b,blue
14374279dd,blue
14a5f173f4,blue
14b8f09194,blue
14e1f2b7af,blue
153a42b941,blue
15b1310c28,blue
1603e8f04e,blue
1657fa97cb,blue
16e55aff36,blue
16fa004881,blue
17459c0a8c,blue
176e1fbb70,blue
1823cab19c,blue
18c7a5dd04,blue
190dc8b716,blue
193176be2a,blue
19c8b12925,blue
19d5304d95,blue
19eb5eb033,blue
1a22f632ae,blue
1a77aeaa94,blue
1abe342a8b,blue
1acbce6f1d,blue
1aee01a7b0,blue
1b345afc5e,blue
1b5094c5e5,blue
1be11a2722,blue
1c4d903999,blue
1c8ee738d5,blue
1caf0e660d,blue
1d52f46fd5,blue
1d922df381,blue
1ebf9ef09f,blue
1eeac3d5c6,blue
1f2ec4c534,blue
1ff83024cd,blue
20cb4dbea1,blue
20e4ca7e92,blue
21379429d1,blue
214418d050,blue
215c29c3c0,blue
22051e3c75,blue
22c8caea44,blue
2359a1b1dc,blue
2365030019,blue
24264a4d91,blue
253ce42a4b,blue
256ba0456c,blue
25748ed44e,blue
25a75d1eb7,blue
260befb34f,blue
273af822f3,blue
274eaee55b,blue
2759acff41,blue
27cd8fe05d,blue
27e98bedbe,blue
282797047a,blue
2875d9d15c,blue
2876505c77,blue
28e509be61,blue
28f3e1cc06,blue
28f94fe4f1,blue
292dab9e3e,blue
2a1b6b04cf,blue
2a2f3ea452,blue
2acc7ad686,blue
2ad8c974ea,blue
2bb9e3e7c7,blue
2bd1d234a9,blue
2c037635a0,blue
2c80be87de,blue
2d3185ca17,blue
2d7a37986b,blue
2e284ce369,blue
2e5569cb94,blue
2e7068ea91,blue
2ec5fc1726,blue
2f451eca2c,blue
2f464946d6,blue
30bfb8bc2b,blue
317ced5858,blue
31910d6655,blue
320541980b,blue
32d9c28f37,blue
32f2ad975f,blue
3342517ea7,blue
340a1324bb,blue
359949d49c,blue
35a22bc419,blue
35e63a9dc7,blue
35f8dc0447,blue
368747e677,blue
36c8c092ae,blue
37dbb9738e,blue
37eb3ded64,blue
37eed63159,blue
383e942704,blue
38895aa9c8,blue
388a0145d7,blue
38b68e3875,blue
393594c452,blue
393ace5fdf,blue
3972248452,blue
39bcf0fad8,blue
39dd6aae40,blue
39e92137c2,blue
3a2d40a553,blue
3b580f6564,blue
3b78c48ad9,blue
3b9ba8e93e,blue
3b9de748f1,blue
3bbef8013e,blue
3bd9e96864,blue
3c0a848be3,blue
3c4e40703c,blue
3d0bb3b758,blue
3d10773733,blue
3d3ea36bbb,blue
3d872883c9,blue
3d95f9a95d,blue
3da29370ac,blue
3da7923ba3,blue
3e73ac141b,blue
3eb751c61a,blue
3ef586a11b,blue
3f04e2a100,blue
3f2f939552,blue
3f40cd67c5,blue
3f6c8cfc78,blue
40ef2d88ea,blue
40f3f84f75,blue
415dd8b665,blue
419a057c51,blue
425f453566,blue
42c23bd618,blue
42eab63726,blue
43c0603382,blue
43cd3d4d5c,blue
4402977e47,blue
44687be1c8,blue
447951c90e,blue
450c808034,blue
4518254b68,blue
45524518a6,blue
456f98fcd1,blue
45a0aed2b8,blue
45c1a38727,blue
45fdcb31f5,blue
463f14ee5b,blue
4723521953,blue
488e454e10,blue
489ca35394,blue
4a67c535e8,blue
4ab6e6c0f0,blue
4ad39a455d,blue
4aee41169c,blue
4b3b103f6d,blue
4bc8fed76a,blue
4bc948de2d,blue
4bd8ec8abe,blue
4c2c1d9a29,blue
4cadd065fa,blue
4cbaf8b8de,blue
4dacc0384a,blue
5015d3888c,blue
50207c85f7,blue
50e0e6b81a,blue
51b3b94883,blue
524c1aa965,blue
5274c80be1,blue
52c71f7ddb,blue
53743fcefb,blue
538230fcb6,blue
53df3978cf,blue
5405e20779,blue
5430af656e,blue
54958b11d8,blue
54e471224b,blue
54ec0e5e91,blue
54ec588879,blue
55fa4834d5,blue
5619de892b,blue
5637d2a0ee,blue
57205d6da3,blue
576e0d7652,blue
582766e490,blue
583b725dfe,blue
58bffa977e,blue
59b625a6f0,blue
5aa146d858,blue
5b38fe89c8,blue
5b3be15ee9,blue
5b84c03ea0,blue
5b8e576418,blue
5bc0d80117,blue
5be672fb7b,blue
5c44dce9b2,blue
5cd1adc5a5,blue
5d1adb4872,blue
5d1f98c2a1,blue
5d996dbbce,blue
5e75aa8a69,blue
5ea1ad8bf9,blue
5f3a1cd73a,blue
603295d3ba,blue
6100dabba8,blue
6109f110df,blue
6114c1d83e,blue
61253b193a,blue
62003bfa28,blue
622411912c,blue
628e92f06d,blue
62b5c59827,blue
637b1ebbe4,blue
63ae7bfaaa,blue
63ba7d162a,blue
64398ff2c1,blue
648bd0b699,blue
65baae33b0,blue
65c47d4af8,blue
6622b784a5,blue
664ad5bccf,blue
666cfd8796,blue
668332660a,blue
66f13e3c32,blue
67169f2cf2,blue
67bc3720a2,blue
688e844791,blue
6928c714af,blue
69df79600c,blue
6a5171b607,blue
6a6aa43a85,blue
6ad9f446d3,blue
6ae0376ede,blue
6b108f4ccd,blue
6b1774aa57,blue
6b432845ec,blue
6b4b8ff344,blue
6b537e58dd,blue
6b62ab4388,blue
6b77278ee4,blue
6bb5fc93ba,blue
6bf421af30,blue
6c4c585049,blue
6cbe754018,blue
6d1c4c287b,blue
6d46e2e31b,blue
6da296de95,blue
6dca59d967,blue
6de761b0ba,blue
6e3e838f72,blue
6e4f3b3684,blue
6e84bf6006,blue
6f4e594c2f,blue
6fc2962146,blue
6fd1638946,blue
6fd1b6c2d4,blue
6fd4ce7b4f,blue
7033167f96,blue
7085a281b2,blue
71bfeb758c,blue
71fa4c9309,blue
720bfacff2,blue
720d4773c9,blue
7222a5199a,blue
7228ff93a6,blue
72550f3e81,blue
7300952523,blue
733e046b07,blue
7389e601a7,blue
73a09874be,blue
7423c65070,blue
748e318608,blue
7490abc046,blue
74e1396931,blue
7514e36730,blue
752c496517,blue
75b325302b,blue
763c133dc2,blue
770cec371c,blue
7753a40c2e,blue
77637c619a,blue
77a220e181,blue
77dbddebef,blue
7908391190,blue
794b307004,blue
79f52eae31,blue
7a08f62675,blue
7b14b9e693,blue
7b78a8ff27,blue
7ba9edbbcf,blue
7c322ee8e6,blue
7d363cf7bb,blue
7e181c3b45,blue
7e1da44446,blue
7e60ddcfed,blue
7e8b491ae3,blue
7f288ab9d1,blue
7f8e66dfa9,blue
80575d30e6,blue
806e1955e4,blue
80c61fdd2e,blue
80d92fce67,blue
811380b115,blue
812073198e,blue
8169de8f9b,blue
82092a5de8,blue
830dd7194e,blue
831587b2bc,blue
8367aa76c2,blue
83e5f2b462,blue
84afe5e1fb,blue
85289ced2b,blue
8551d9fe67,blue
856b7c5ce7,blue
858be08ebe,blue
85a72886bf,blue
8686c6e5d2,blue
86cf313be3,blue
87056ce89a,blue
872f277b1d,blue
8779f843e8,blue
87f6aed2df,blue
883eeb96a7,blue
88b528535d,blue
896076c254,blue
89a6204657,blue
8a499e93a7,blue
8a710c7645,blue
8a99a01bb3,blue
8a9e08647f,blue
8b09b6e180,blue
8b3ad28648,blue
8b472f2cad,blue
8b7058a1ab,blue
8b9cd571fa,blue
8ba403dcf1,blue
8bd762efb5,blue
8bec66974d,blue
8c3606feef,blue
8cce95b33e,blue
8cd5c6076a,blue
8d179db453,blue
8d940433f0,blue
8d9a0efa20,blue
8e154fdb06,blue
8e31a2663c,blue
8e57548bc1,blue
8e864bf4f4,blue
8eb350dcbb,blue
8efc53390e,blue
90d52979ea,blue
9126dc4548,blue
915fb4225c,blue
917a3d9ee1,blue
9269dead79,blue
92d23c9c5a,blue
932e1387fd,blue
93370eb297,blue
934b756d27,blue
9366f7b351,blue
943c3e8088,blue
952f156853,blue
965534f85b,blue
967a7023c1,blue
967aff7022,blue
97009294fb,blue
971dda5a0a,blue
97687e61c1,blue
97d64eb16c,blue
986df2c5ec,blue
987e5f79c0,blue
99672f4370,blue
9998af8208,blue
9a2447e5f9,blue
9adc4f4d04,blue
9ae1191a9c,blue
9b15d3e31a,blue
9b2a3bc480,blue
9b3d273a83,blue
9db158b097,blue
9db4a4fb07,blue
9e583d925a,blue
9e80ecaf31,blue
9ea55dde97,blue
9eaaabc215,blue
9eb464139b,blue
9ec01f974f,blue
9f281d0b62,blue
9fccf5956f,blue
9fcda5b496,blue
a0213ec4f1,blue
a0855d3ebe,blue
a0a47bfd7b,blue
a0a5c9a90f,blue
a13ff57e23,blue
a1585e97db,blue
a1c9cdd0b0,blue
a209410bd1,blue
a2e705bd5e,blue
a2ecd035b1,blue
a348fa7dab,blue
a34df15c6b,blue
a3a9ef0da2,blue
a43aa9d753,blue
a4899aec0c,blue
a63eeeef72,blue
a654628d0a,blue
a669b9d957,blue
a70b625780,blue
a7f4ce7be1,blue
a8cf87b7d1,blue
a9314e99ea,blue
a9c49b9712,blue
a9c88fdc92,blue
aa3448a6cd,blue
aa34ed891c,blue
ab3f5f71cb,blue
ab8eae8318,blue
ac3962bc29,blue
ac4a51964a,blue
acf55e3a61,blue
ad4fa6adc7,blue
ad5f0f70d6,blue
ada7629c31,blue
b03091d638,blue
b1788b9dd0,blue
b1c77e1c63,blue
b1db81c93b,blue
b1feebdcb5,blue
b22cf79f0d,blue
b2337161f1,blue
b246267e57,blue
b28727eabe,blue
b2942a61dd,blue
b32b6ac3d4,blue
b33bc35847,blue
b4c3b24292,blue
b4f0c28dff,blue
b5b05c8333,blue
b65638cfeb,blue
b6d0291bb2,blue
b74de93f44,blue
b7dabfd7ac,blue
b8179cdf07,blue
b82a6940b4,blue
b8401d29fa,blue
b87ce14919,blue
b898e4325d,blue
b9c9c12402,blue
ba63e1827e,blue
bac9fb2609,blue
bc41083aae,blue
bcbde76ec4,blue
bd52df83b9,blue
bd6194b067,blue
bda4171b39,blue
bda4e43d2e,blue
bdb13a7788,blue
bdd7df9e66,blue
be55872e30,blue
be60608c24,blue
be85132f1f,blue
bebf51ef1b,blue
bef9885ce0,blue
bfa6de4760,blue
c01350d3d7,blue
c014051a87,blue
c042129b48,blue
c05084a72f,blue
c077d643af,blue
c0800b8444,blue
c0b579d074,blue
c1f02f134e,blue
c215ff7ab8,blue
c2af772a51,blue
c2c2648e88,blue
c30fc10417,blue
c394d61cbd,blue
c3fc839134,blue
c437b37436,blue
c46269a4c7,blue
c4a9471597,blue
c4e8400a6a,blue
c54a0d4305,blue
c5fbd0d65b,blue
c648e1186b,blue
c6d8438080,blue
c716967d9e,blue
c736dc6e02,blue
c7665567ea,blue
c77f629baf,blue
c78a54bc8b,blue
c7d4bd3aad,blue
c80b38b62f,blue
c81cb7cb81,blue
c8293f424d,blue
c8367b8e95,blue
c86a471ff9,blue
c89972deaf,blue
c8a5281a84,blue
c8b70d0877,blue
c8bc14bdde,blue
c91ed3b96f,blue
c99e221bef,blue
c9fc45e4a4,blue
cab760d1aa,blue
cc389121bd,blue
cc48b5a001,blue
cc5d52e07f,blue
cc7c0cf350,blue
ccadf60d9f,blue
cd086e5499,blue
cd1c364217,blue
cd557a6bb5,blue
cd9fd9d414,blue
ce00d1e389,blue
ce61c47c5a,blue
ce952088be,blue
ced840643a,blue
cf51ebe9ca,blue
cfe957547e,blue
d09225fc3d,blue
d0947e6585,blue
d0ea1ca305,blue
d10a78a190,blue
d1739f364a,blue
d1b54f46e5,blue
d1d9736112,blue
d237c2a20b,blue
d29c201285,blue
d2b7dce5ea,blue
d42c475ef6,blue
d4519b05dd,blue
d488780780,blue
d4c741739e,blue
d4e35f965a,blue
d5783d2d4c,blue
d5c4a45730,blue
d5e3580d8b,blue
d67656efe3,blue
d765c79227,blue
d7ace7a8da,blue
d7ff90745c,blue
d82786b1a4,blue
d92455d931,blue
d92ba64bec,blue
d938f723a9,blue
d9577e9562,blue
d97905245a,blue
d9d1e3e221,blue
d9e7ed3acd,blue
da2a587a83,blue
da6fe95ca4,blue
db73b747be,blue
dbb2645dbd,blue
dbbab3e7da,blue
dbda3025df,blue
dc4af14269,blue
dc66a5ec33,blue
dc7eb06acd,blue
dc8a4fccc5,blue
dc8ea23ed8,blue
dcd77c0c76,blue
dd1c7db523,blue
dd643c8456,blue
ddb81aa1a0,blue
de1dace18d,blue
de5d3da23c,blue
de7d24e661,blue
de8b7207ba,blue
deecde6955,blue
df9c04b44a,blue
e03bb05e9b,blue
e0612fb892,blue
e0c87a2af2,blue
e127306343,blue
e1fc41c572,blue
e20d9c5ebe,blue
e252477281,blue
e324bccc5e,blue
e454f056d4,blue
e4e3bbd38c,blue
e5dd07aa18,blue
e5f01f0b76,blue
e6974a2964,blue
e8d5792b70,blue
e9347b2d75,blue
e95a35d228,blue
e96e76cc13,blue
e98a42bcc0,blue
ea26578fd3,blue
ead82fec48,blue
eb22c2228c,blue
ebafce0373,blue
ec43a1fddd,blue
ec6c9a0969,blue
ecdeb81f02,blue
eceeb4c04b,blue
ee0068e561,blue
ee8af76535,blue
eea6f65791,blue
eec652b661,blue
ef2219034b,blue
ef564105d6,blue
ef8e027209,blue
efae170da0,blue
efc31a4a2e,blue
efc8d739e2,blue
efec834743,blue
f00a1afd2f,blue
f038861120,blue
f04ac5dfb0,blue
f06b96f524,blue
f07699b9ce,blue
f08195ce87,blue
f083a2c054,blue
f12d142cb6,blue
f144c94989,blue
f16b6e1ca6,blue
f1971c6c9e,blue
f1f38accd6,blue
f2639f0d53,blue
f2715b9de6,blue
f2dd20e887,blue
f3c35ed093,blue
f3d0799b26,blue
f4db8c77aa,blue
f6014c10be,blue
f62e446976,blue
f671852395,blue
f68119a5ce,blue
f6a3782b30,blue
f718303137,blue
f75d71bac6,blue
f767e05993,blue
f7c6dea4f0,blue
f7da3debd8,blue
f8973fc3f7,blue
f93e48bbfb,blue
f95bda184b,blue
f97f88cfdb,blue
f99b013d1a,blue
f9cc09b0ff,blue
fabb44e0c4,blue
fae3054b24,blue
fb56783e0a,blue
fbca0d0cd7,blue
fbd04c9b11,blue
fbd9e7296f,blue
fbf32ac0b7,blue
fbf51843ae,blue
fc3a9419c8,blue
fc41a95250,blue
fc6a51f72f,blue
fc8daa364b,blue
fca4c3e511,blue
fd40ecc199,blue
fd487d4d9d,blue
fd50ef6c5d,blue
fd9aa29299,blue
fded2b1185,blue
fe673c7f7b,blue
fe7c2c5262,blue
fe83c564ce,blue
fecb8595ae,blue
fee1e0b074,blue
fefc73c500,blue
ff297b822b,blue
ff554b1c8d,blue
ffcb4d512c,blue
0025582388,brown
00677113a3,brown
00ca812f1d,brown
01274d8372,brown
014640503c,brown
01be352784,brown
020a969b94,brown
023d832d32,brown
0247351850,brown
0282b98093,brown
02c5f59179,brown
032eb74482,brown
034ce60475,brown
03586726c0,brown
03b68209e7,brown
04d55cb472,brown
04e5f93e07,brown
05c088c96b,brown
05c488fb1b,brown
05fae1efa2,brown
06b76e6ee9,brown
0702914c3d,brown
07f0678996,brown
08644c284c,brown
09803389ae,brown
0a1db8cbdd,brown
0a30857150,brown
0b5ed6bf2c,brown
0b5ee99a85,brown
0b73dee5f4,brown
0bd1c909bd,brown
0c7b92e55d,brown
0c8b7a7a3e,brown
0c9713d1e2,brown
0cb65d68fb,brown
0d098a23b1,brown
0d1f23b734,brown
0d221f7f96,brown
0d57115b00,brown
0dcc5ae326,brown
0e21887c95,brown
0e8bbae31a,brown
0ea9f50fe3,brown
0efd11bb89,brown
0f854a7816,brown
0fd3013e4e,brown
10b74bb325,brown
10f0477b41,brown
1152adf9ff,brown
12184e3ea8,brown
1238d81d1b,brown
1258311c01,brown
12a4a0f923,brown
132c59bb2f,brown
13310695bf,brown
1357addc91,brown
136601a820,brown
1522f73d44,brown
15f5e7147e,brown
1631b670ed,brown
16d0c8caea,brown
16f97722a8,brown
180f847fa4,brown
1999aeecad,brown
199d55fb6b,brown
1a5db2f651,brown
1aebcb01e7,brown
1af7ab67b3,brown
1bebaeda09,brown
1c2e318ed9,brown
1ca5bf51cf,brown
1cd5de923e,brown
1e1820bf2c,brown
1e5a335e94,brown
1ec1ea2b3e - Copy,brown
1f0be86d0f,brown
1f424aadd2,brown
1f8f025caa,brown
20063f0473,brown
203089ef0b,brown
20588cee5d,brown
20efe9407a,brown
2149fdb1eb,brown
21716551a9,brown
217c2ee2dc,brown
2184e931f4,brown
221eb29131,brown
2244962f1c,brown
22b1fb499f,brown
23c3f2a866,brown
255c2be5b0,brown
25f62062a3,brown
266f7565e6,brown
267310fead,brown
272be8dc5e,brown
276f9c95f7,brown
27af83188b,brown
27b978d2eb,brown
27d0095984,brown
27e071d5ff,brown
28cf8bb615,brown
29c408e45f,brown
2a021dd0a4,brown
2b3a29c535,brown
2b66d42caa,brown
2bb00fa216,brown
2c3d0e9147,brown
2d1a7d1f14,brown
2d8cfb0bcb,brown
2f466ab7e4,brown
2f7bf3ddd2,brown
2fcf9683db,brown
3012fb120c,brown
329b46e127,brown
32b4b1db33 - Copy,brown
34412cb355,brown
34517b948d,brown
34bc5e1d5c,brown
35d88e11df,brown
364f630410,brown
377d3ad352,brown
37a6741e24,brown
37ab1d60dc,brown
37ea210b1b,brown
385cf3223c,brown
38a8b60627,brown
391d383045,brown
398bc3d075,brown
3a407f9a01,brown
3b1053451b,brown
3b244d797e,brown
3b81e94c0e,brown
3c547ddda0,brown
3c674e86a2,brown
3ca79b946f,brown
3cf6d1c132,brown
3d0d094f76,brown
3e9d0d3afc,brown
3ec1cd113d,brown
3f791bed52,brown
3f7fcc2fe6,brown
3f9b8926a6,brown
402ffdfddf,brown
404c890c75,brown
4165b31b0d,brown
4195343536,brown
4247332588,brown
429254e347,brown
4330d3a3e6,brown
43886016cf,brown
43b04d59e3,brown
446ffb8684,brown
4507578f39,brown
451005f4bd,brown
454475e064,brown
463fc36e91,brown
4776142ea7,brown
497b07ba24,brown
49e9d28214,brown
4a13cfecd4,brown
4a175810ba,brown
4a54421c24,brown
4c41bc71b9,brown
4c43b284d6,brown
4c7011fb3e,brown
4d2d3bbfbf,brown
4d51f62c5c - Copy,brown
4d95f81d39,brown
4de3f87535 - Copy,brown
4e8968ea26,brown
4e9e005f27,brown
4ec989d8f3,brown
5007269705,brown
51f5124137,brown
523bb8ffc5,brown
525de4d9bf,brown
52926c45c1,brown
5327f02cbf,brown
5347f481b9,brown
5413ad5fd8,brown
5445865a8c,brown
547c2b7be5,brown
54c84e307d,brown
55155a9293,brown
551aeb2778,brown
5577fa49ae,brown
55c32b0c28,brown
56787e3e88,brown
56901b3a95,brown
57f60b726a,brown
58484d9eba,brown
5880da3e75,brown
588754bb79,brown
58931f3de1,brown
5991357991,brown
59969ae1c8,brown
5a7e61f8fe,brown
5b66693e43,brown
5bb82d9fe2,brown
5c0be1b637,brown
5c32d3fdcc,brown
5cf74c3e2d,brown
5d50a84467,brown
5d57bc9170,brown
5d89660a9b,brown
5dbebe0286 - Copy,brown
5ebe2be13a,brown
5f0db80d96,brown
5f3beaf408,brown
606a6d4fea,brown
606ce753ad,brown
607236fffb,brown
60e1a06d5b,brown
6166bc9215,brown
626007067b,brown
62b8e5bae0,brown
62e02f5017,brown
633df664b9,brown
63caef8b09,brown
65855227fd,brown
65a6af65c7,brown
65bfd3171a,brown
66127709cc,brown
6648f89377,brown
66790aa166,brown
677685719f,brown
67a55aa263,brown
67bb04e7d3,brown
67c4ae03ca,brown
67d19016b4,brown
6846a0e345,brown
6851dc1747,brown
6876276ae7,brown
68e2091194,brown
6915f8a504,brown
692aae605b,brown
6a414718f2,brown
6a622bec3f,brown
6bb27c5776,brown
6c0ff6a0d4,brown
6c9c0f2095,brown
6ca7971e11,brown
6d10edb565,brown
6d6384a08f,brown
6fa9e99751,brown
6fb12ddf4c,brown
70ab669827,brown
71054d2e83,brown
7168f803f9,brown
71fe38f18f,brown
721638662d,brown
7233b2e740,brown
73b57637ab,brown
7604cadec1,brown
77149db69b,brown
774972451e,brown
77b6d68648,brown
77ebe4bc20,brown
77f01035dc,brown
7814ece292,brown
78414ec22a,brown
78c4aa7451,brown
78d91c10a7,brown
79174a6c76,brown
797791265d,brown
798f6c5691,brown
7a6cce7ea6,brown
7a974cad49,brown
7a9fb463d4,brown
7aaea4a595,brown
7ac3ef1585,brown
7b04a0549a,brown
7b7294ad20,brown
7b7578e3b6,brown
7b9cc6dd03,brown
7be87419c9,brown
7bfc845358,brown
7ce4094a64,brown
7d2001cb69,brown
7e8cc2b0f5,brown
7ef3148605,brown
7f96d2c931,brown
805fcea422,brown
809d473e0a,brown
8110fa047d,brown
816a1b794e,brown
81bcf342f5,brown
8213bcf6b8,brown
821acad750,brown
822436b4ed,brown
82a159ff03,brown
82cf01e334,brown
8391650a82,brown
83b4f21915,brown
842bcd63c6,brown
844c6706c0,brown
84922c9ebd,brown
849bb53889,brown
84e97c3a6a,brown
85a4bdc274,brown
862a332e04,brown
866b0d8935,brown
86d63c81fe,brown
870e437bd7,brown
87b263a162,brown
88a56dd394,brown
88e2da0012,brown
893c4a00ee,brown
894b9ba6b7,brown
89e80f076c,brown
8afdde4e10,brown
8b01042608,brown
8c30e73029,brown
8c82d71e6d,brown
8dd338fdc9,brown
8e8e903668,brown
8eddca6d48,brown
8f257e08d5,brown
8f2afe02cc,brown
8f40a9c38e - Copy,brown
8f6c967545,brown
8f9e7c0c49,brown
901678697d,brown
9193c1f96d,brown
92a7bee684,brown
9345d3958b,brown
94aaa86b1f,brown
94bc96ac35,brown
9533678f21,brown
9562e6c513,brown
95e411a239,brown
96b3c4fe2a,brown
9778666bf5,brown
9a0bff90c0,brown
9a8761999d,brown
9ad1ceb219,brown
9c3485f381,brown
9c97ca5fbf,brown
9ca17a5e93,brown
9d57b77fa4,brown
9d978590ea,brown
9f2e7b2799,brown
a001765daf,brown
a042da9750,brown
a0b5071029,brown
a0d6fe6542,brown
a176f3f5cf,brown
a23b83894d,brown
a2571ccdb5,brown
a275ef698b,brown
a2bc3c8de3,brown
a3a3b1dfb7,brown
a3d564618d,brown
a3f7893a68,brown
a5676a963b,brown
a5be4a889e,brown
a6ca4052ce,brown
a72788787e,brown
a736254cf9,brown
a897ac0f57,brown
a914a52834,brown
a9190bffa8,brown
a9a4d8b152,brown
a9d22c2d69,brown
aa5f068936,brown
aac70d1697,brown
ab41a2135e,brown
ace7ca09e3,brown
ad1f59b7cf,brown
ad9fea9725,brown
ada34a8e49,brown
aea5d414a0,brown
aebd60c067,brown
aec19280fd,brown
aeea059140,brown
aefa85e3f7,brown
af34cc797d,brown
af672b08ed,brown
afac365213,brown
afbbb1f970,brown
afbf37ec03,brown
afc40faace,brown
affa74bacd,brown
b03a8cbc1c,brown
b04c9d7093,brown
b0a3e2a23c,brown
b2067e8f23,brown
b21a4c5e75,brown
b3b422b753,brown
b3ef8ec22a,brown
b487cd0670,brown
b52b66c120,brown
b60aaeeb99,brown
b6a1ac0ac2,brown
b6b811efaf,brown
b730cf1932,brown
b7d1971136,brown
b7d4ddee0b,brown
b885933db6,brown
b8e2c963e9,brown
b942f05a7c,brown
b9c6662013,brown
ba3d468e15,brown
ba87a2cc60,brown
bb28d9a6f3,brown
bb33b3fcc2,brown
bbbf2fa388,brown
bc2e965414,brown
bc892f3e73,brown
bd7b83f48f,brown
bd7ea6c9c2,brown
bdbe405778,brown
bdddfd95fb,brown
be173d8742,brown
be371c8407,brown
be3aee1a56,brown
beb4a5df44,brown
bf2509ddfe,brown
bf86793674,brown
c1173463ce,brown
c11ee1e7bb,brown
c193ad1573,brown
c235fad175,brown
c2b1da8f8c,brown
c31c11222d,brown
c395411663,brown
c4423d7dc0,brown
c4e92a2dc8,brown
c5c6b3d94d,brown
c5d14e4874,brown
c6112f4445,brown
c6c67e5b8d,brown
c752578f39,brown
c75814c688,brown
c7ec8fb507,brown
c984349faf,brown
ca9edc3ef4,brown
caeeef8e7b,brown
cb2460058e,brown
cb5715d8e0,brown
cbef95d8fd,brown
ce006881fb,brown
ce5a865ce0,brown
ce6c2879b1,brown
cf08e1412c,brown
cf0d0d7e7c,brown
d0bbe5dba2,brown
d0bf6a6a7f,brown
d0d95b1705,brown
d0ec89e1b0,brown
d1750b303e,brown
d18b601c1f,brown
d224f26f42,brown
d2641f7dc2,brown
d2736dfa3f,brown
d2e7b0baa8,brown
d3040724d0,brown
d3cce8866b,brown
d41bc53225,brown
d47f3954fb,brown
d487eb06fe,brown
d5322d1ba4,brown
d563eb0ed3,brown
d566463a4e,brown
d5b758b6e3,brown
d5d919d0be,brown
d6c67caee6,brown
d7059dacde,brown
d751cd3315,brown
d789f078f3,brown
d7fc2f8543,brown
d857b3e8bc,brown
d85bf56da2,brown
d995da8885,brown
d9df3dedb5,brown
d9ed984850,brown
da4c76c9b9,brown
da5bd2e383,brown
da6af4f85c,brown
da7e53e34b,brown
da9eb4f68c,brown
dae99fa42e,brown
db41bb4022,brown
dc9845f94b,brown
dcd8c36f2f,brown
dcea53bfad,brown
dd50f8f94c,brown
dd7fe6c42b,brown
dd8016a78d,brown
de3fda4a8b,brown
de8ca2532f,brown
decead0707,brown
df3e9a6485,brown
dfde6c6249,brown
e006487166,brown
e01cdabae1,brown
e0638de6f8,brown
e094fdfef9,brown
e0a2ff0bfb,brown
e144fa6b5f,brown
e159ffb3af,brown
e1befd4f3f,brown
e1f6444721,brown
e2056ae21e,brown
e2159b74c3,brown
e238616d41,brown
e2bc294be6,brown
e2e14dae49,brown
e40e660754,brown
e453dd8717,brown
e4d26b43b6,brown
e57476bbf5,brown
e5bc0097be,brown
e5df0c7171,brown
e699d7b010,brown
e71c550d28,brown
e7389edae2,brown
e912bccedd,brown
ea62e77a89,brown
eb5c6adeb1,brown
eb79d07e7f,brown
ebb2a0526d,brown
ecca963f0c,brown
edf6a6daab,brown
ee037c51b7,brown
ee89f0be95,brown
eebf4ca53c,brown
eec7e73e6e,brown
eef1c92520,brown
ef3c5d485a,brown
ef7d0cce91,brown
f0416a0070,brown
f0b818ae82,brown
f19e52ec98,brown
f261427c07,brown
f26ce8fc37,brown
f274057656,brown
f344ab1f00,brown
f35410efb7,brown
f36730d12b,brown
f4079a4e95,brown
f45a4e8190,brown
f488528e6f,brown
f4c682b09e,brown
f4e8a81554,brown
f54fe5009d,brown
f5c158c0f8,brown
f6857758a2,brown
f68a38d543,brown
f6ba0a96f0,brown
f70d2f0aac,brown
f7d81eb3ba,brown
f815198eb1,brown
f9a70616d7,brown
fa458b29f8,brown
fa9af873a1,brown
fafaf07ef0,brown
fbe6b69bf9,brown
fdbd4f83dc,brown
fe1cd873be,brown
fe79d901a7,brown
fe7c5ccbf0,brown
fefb6a03cb,brown
ff2847ef4b,brown
ff47afe5fe,brown
004fbfb1b1,green
008fdae035,green
00a36a1d6d,green
00cb5cd89e,green
013cd53d1c,green
01b519b792,green
01cdd10376,green
0238ece041,green
02a05622ca,green
02c6449d43,green
02d6a6b85d,green
030e882c1f,green
03659b72e0,green
043de69d64,green
0591d1c537,green
067edad668,green
07b80f8d4b,green
07c98136f8,green
07dfdf5108,green
086b2a352e,green
08b28569c5,green
08f99bcc5e,green
091f3603a1,green
0920e92f43,green
0a6d45c47e,green
0a85e4b4a4,green
0ab92866c4,green
0b766d2878,green
0b8856c0b8,green
0d54624e8e,green
0d7d15b6d1,green
0d928819d0,green
0e28e43824,green
0e29d17857,green
0e5b04ffc9,green
0eb5a65cde,green
0f85f65e50,green
0fa6bde66d,green
1056476eb6,green
106eb12214,green
108b3e81b4,green
10a53dae3a - Copy,green
10abc0defc,green
1156aa8f44,green
11d0fa2ff4,green
11d7b648c7,green
11df3f440f,green
124ca011b6,green
137b1c4617,green
13ea7ec6a6,green
148f74350d,green
155751dcb8,green
15890641f8,green
15a61c0b45,green
164511ac28,green
16640dccee,green
1688a77a3b,green
16f27e7fa5,green
177dbbf0e0,green
18420420d4,green
1864a38a18,green
18ac663a05,green
19b1db3552,green
1a8cee0742,green
1a96b6e84e,green
1adf453ae5,green
1aee09a9a1,green
1c4a8fcafc,green
1ce64cade4,green
1cf146e5f5,green
1e2c99b5de,green
1e2f62d0ca,green
1e8caf8ff3,green
1eaa54a9e1,green
1ebe439dc8,green
1f2c44f798,green
1f8691c2ba,green
20e62a214f,green
20f08ea796,green
2142d6a421,green
21b5e4a8b1,green
22570f7266,green
236eb03283,green
23c42b675a,green
23d7fc40a0,green
2403e731be - Copy,green
24108fe4ae,green
2453176c3d,green
25984cadac,green
262b5eabf6,green
267716efd6,green
2696885b4b,green
269f4cc4a0,green
26d0a932d2,green
2768fcd2bd,green
27e1d49ae9,green
2862b0f430,green
2875d7fadd,green
28a382e400,green
28c749ec32,green
29bd61b635,green
2bb849adbc,green
2bc59b9f45,green
2c2005460c,green
2c74f2cea1,green
2cc616f2d0,green
2dd76675bf,green
2e24e9742c,green
2e38d1ad98,green
2e554bc60b,green
2e62a4cf1a,green
2e7c47ef69,green
2ef93c595d,green
2f046ffd38 - Copy,green
2f894917e7,green
2fa648fba2,green
302837666b,green
311d6b2272,green
3155165a5a,green
32b25b7b78,green
32b7c99f44,green
32f2e5ce2e,green
33266a85e1,green
3355b5dd8e,green
33a7c3482d,green
33b01044d9,green
358b9122cd,green
368a1070ac,green
36c9e79886,green
3707d5656d,green
371016a140,green
37f4b8c7a6,green
38da1bebb0,green
38e3dfce41,green
3974120012,green
39d67c5531,green
39edb6457e,green
3a2fea16da,green
3aba9b1542,green
3b37175339,green
3b84223ce1,green
3c956c82a6,green
3cbc032ada,green
3cdddf2e9e,green
3cea94df85,green
3eaae20c87,green
4038e984e1,green
413aeef07d,green
41586687de,green
41e64cbefe,green
420001303e,green
420de74208,green
4263f15dea,green
4322746878,green
434a6bf3ef,green
43b98d9cae,green
443ecaed0c,green
4443e3aa60,green
4558c98762,green
45d096253c,green
4635ee953e,green
464674755d,green
466bd5d436,green
46a330f516,green
46b00079dd,green
46bb405f36,green
47612b6ea5,green
47d4fdb383,green
48cf2410b3,green
49824145cd,green
4997240a64,green
49d561af1e,green
4a23c56ec6,green
4aff0d3388,green
4bcfc6a6ed,green
4bde074855,green
4bf3494fce,green
4cbc03c9af,green
4d0cb544dd,green
4de5952058,green
4e32ec2237,green
4e54611c71,green
4f855625a8,green
505419fb8f,green
50e79995af,green
51620d4402,green
520a2164c3,green
522cadf024,green
525f0036c7,green
532dabda06,green
53f612896d,green
541e991562,green
545ec11984 - Copy,green
549937246d,green
549f69a219,green
555c3e8982,green
55d3a76859,green
55d618fa18,green
560ee2a6b1,green
561cdfc6c9,green
5792623d23,green
57b6ec0544,green
58cfcb6e91,green
59014ec5e3,green
5907ad2f23,green
598d288f9e,green
5a67bb2c8e,green
5bccd6409d,green
5ce69378e7,green
5db82b33a9,green
5ebdc67310,green
5f570e8891,green
5fd4fa772a,green
5fe5224263 - Copy,green
6032b1a19e,green
60f23c66c9,green
611940449a,green
6199043557,green
621e0896a8,green
62d5c13d66,green
6333085c54,green
63b29b71b8,green
646922c0e8,green
653abbd131,green
65415d3f0d,green
654969f62d,green
657f885dc2,green
6595e574f7,green
65b017ddae,green
661081b45e,green
666a85b416,green
666b83357a,green
66955f939b,green
67dc1db2d3,green
683584316b,green
6860698126,green
68685de445,green
68a6daaa84,green
68e0fc7ebc,green
695a51645d,green
698148c0ff,green
69c1ffbd9b,green
69ca1b65a0,green
6a1ff5eba4,green
6a20d2ba4e,green
6a56d671d4,green
6a5da28062,green
6acaee975e,green
6aea0b53e8,green
6b0adb3715,green
6b9cc65bd2,green
6d742dbf93,green
6d7d902cea,green
6da7ead0f7,green
6dc4e05661,green
6dcd6e1f77,green
6e0e3fc6db,green
6e5a7705e4,green
6f2ec92377,green
6f7b636db1,green
6ff197766a,green
704d80cddf,green
707e6af383,green
708bdca32f,green
70d573c50c,green
70f1f9b80b,green
7101654e75,green
71a49c4e61,green
71e7a95d18,green
722beb7518,green
72b573b349,green
72bf7fcf11,green
7339b57fe9,green
7354fcb391,green
735ff13655,green
73bae80f50 - Copy,green
73bf944fce,green
73d9604efd,green
74724d0750,green
7478928762,green
74bd8d069f,green
74be6307f9,green
74dd5a3994,green
75414f60a8,green
7564980bd9,green
757eb3a2bb,green
7602faf0f4,green
763c9e5d99,green
766fd04777,green
76a5adec61,green
7713ea0181,green
77707ed210,green
783a0eaf47,green
789685f842,green
78b2d853b9,green
78c12dd4cf,green
78c70d7889,green
791751f6b0,green
798066ac6c,green
79e63d01f9,green
7b450686bf,green
7b5d089b20,green
7bbe7c07d1,green
7c28ed3435,green
7c46e1e8d5,green
7c7db0b24b,green
7c8d5f05de,green
7ce123d9bf,green
7d3fc4b2ff,green
7d6a98ef8d,green
7d6d34606e,green
7dce62259d,green
7e02093c8f,green
7e46ffa489,green
7e96c04ae4,green
7ebcdbf187,green
7f8018639b,green
7ff9e6cef3,green
82a0684b8a,green
83aa6d30e4,green
83eb0c49c3,green
843d8b4b86,green
84ad79e4b1,green
84fcd9b29d,green
859cdeefc8,green
85c228227d,green
862dec5d01,green
86f1bc63c1,green
878a5f220b,green
881d6fabaf,green
883a538b11,green
8ac2c5dae6,green
8bb75473e5,green
8c62b96c1c,green
8d03ddd07b,green
8d5b591c6c,green
8e00469e59,green
8ead40798d,green
8ef46ad4eb,green
8f33da7d2a,green
8fbb070025,green
908337f065,green
9212e8c67e,green
92a3d5d30c,green
92df2bb5da,green
92e2e4a29f,green
92ef2d7422,green
933b6463eb,green
9370f7c7c5,green
946ba999d6,green
94ecc032eb,green
95122f3331,green
95d5130992,green
9641c9f4c9,green
9679339c4a,green
9716a0e259,green
972a3dc9e4,green
97be69afcb,green
982291637e,green
98cc1ae07c,green
995cda520b,green
99ba0b380e,green
9b35eaf84f,green
9b536fcf90,green
9b6f2a4ee2,green
9be0f2a207,green
9c1f504d2e,green
9c91ce133b,green
9ce872cb71,green
9d13c48464,green
9d7c141c4a,green
9d8b39ff80,green
9ddbbf6cdd,green
9e95bae671,green
9f1a65f418,green
a02b5a83e3,green
a0b1dc77a9,green
a0b28c8aed,green
a1099aa3f3,green
a133c09c92,green
a14f3a42f1,green
a1d16f2d94,green
a3f5776361,green
a402f67fc9,green
a432d5566c,green
a4b7728c15,green
a563c90981,green
a637037d6a,green
a648ac0877,green
a6e6dd01ab,green
a705899c56,green
a7b33493ca,green
a7eec0a392,green
a90594b805,green
a931e07570,green
a93264f245,green
aa6c718885,green
aa84edaac1,green
aaa89713c9,green
ab80aa0fef,green
abb8ec7732,green
abd552642e,green
ac74f499f0,green
aca1020703,green
adfd44a6b2,green
ae4c70cba5,green
ae5dcbac8d - Copy,green
ae91398d32,green
aea2ba184f,green
af072a7c46,green
b04f15e407,green
b0f9e3cf9b,green
b1061b21a1,green
b14cf89c0c,green
b21a147656,green
b298737236,green
b2fcaf8c39,green
b3061c2316,green
b33e4c3435,green
b34c18d32a,green
b3543c4125,green
b4ebd1dce9,green
b52d3f79d3,green
b53731d671,green
b60de3fd60,green
b6187a0c5e,green
b7c2cf6450,green
b8425d72ab,green
b89ac78867,green
b90817b0a7,green
b90981df5b,green
b9241dfff0,green
b927e185f6,green
b9eeb21f1f,green
ba08fd6800,green
bb65456461,green
bb9a412759,green
bbe0b8c53c,green
bc2fb40321,green
bd0b017215,green
bd5690a067,green
bd87fc5783,green
be15168bf8,green
be61aead6b,green
be7530facf,green
bf450b8623,green
bf62dc17a5,green
c0dba871d0,green
c0e4a33da8,green
c134f6cee0,green
c186a12348,green
c1b5da9545,green
c1e3badda0,green
c2170688b7,green
c24023cf8e,green
c26ff42a77,green
c2c4d6ae7e,green
c5138efc21,green
c57d749428,green
c5b39f777e,green
c5bffab2f8,green
c5c84e641e,green
c5e36f6a4f,green
c657e0db79,green
c6b47af4d7,green
c6b79a063c,green
c8be1c146a,green
c9a57dac71,green
c9add05ed4,green
c9fd9fd9d6,green
cc270a28a6,green
cdf77770e8,green
ce7372422c,green
ce9c4da40d,green
ced98cf69e,green
cf78d87ff8,green
d02119955b,green
d17821ea8f,green
d17daa899e,green
d17f4d4bc9,green
d1d0d5e3f6,green
d1d1b550d4,green
d2241dd93e,green
d282309bc7,green
d3ac98b72d,green
d42b71cc26,green
d472b7ebb9,green
d4c6112c06,green
d5b708c640,green
d62f922682,green
d97ec5d880,green
d98a3294b9,green
d9c557556d,green
d9c9eae875,green
dabb414fc4,green
dccf31d105,green
dd7fb09e4c,green
de0d759f88,green
df2aa5fffe,green
df56daa14d,green
df910e1f67,green
df92757b73,green
dfdf807495,green
dfe0b6fbc3,green
e08f395262,green
e0e3a49ec2,green
e1132c2d16,green
e15534b20f,green
e1b17286da,green
e1f87bd064,green
e312e1c071,green
e39fa32302,green
e3a5ff8840,green
e409e911d0,green
e48bb11440,green
e55ccd492e,green
e7d8f0e4e6,green
e845b066d8,green
e9bf0103ed,green
e9c296364a,green
eb390c8199,green
eb60f69641,green
ec29438c6b,green
ecaed02422,green
ed8483056c,green
ee481d943a,green
ee8bc44ec0,green
efb1164b24,green
f1252a96c5,green
f17fef3135,green
f18db05347,green
f219703da0,green
f3332df1d8,green
f3d47b1528,green
f425c06257,green
f4f8a7e340,green
f51f967726,green
f5e7c8460a,green
f65a631f2e,green
f6cd76aa52,green
f70725b77a,green
f7672bf51b,green
f7aa2f2282,green
f7f8ae04c2,green
f7f9baaa4f,green
f80dc19e2b,green
f8acbcc2ff,green
f8b285edea,green
f97738600a,green
f9b8a927f5,green
fa690e12f2,green
fa86f91d45,green
faece315e3,green
faef44b690,green
fbb4403860,green
fbf08d1657,green
fbf5a22bce,green
fc83dea38e,green
fcaeb38dcb,green
fdc9b595c9,green
fe7de6a921,green
fed7a60ce0,green
ffc8545340,green
02a373dbc2,grey
03eb6bd756,grey
04503958d2,grey
05e1b5b941,grey
0715b46c6f,grey
07d6ae36d9,grey
080253aec1,grey
0820580864,grey
0834a2ad0d,grey
0906a2ee4c,grey
096b0e161e,grey
09a839c1a9,grey
09e24f56d4,grey
0a80c835ee,grey
0c5274d51e,grey
0c5ee4a02f,grey
0cfa3c2e28,grey
0d5587470a,grey
0d663fa1d8,grey
0df375d201,grey
0fd3f6e86a,grey
11ca545a52,grey
120d899050,grey
123767497c,grey
127c118265,grey
1309f63567,grey
130ab6e87f,grey
131fe0cca8,grey
13e149518b,grey
14bffa1a11,grey
14d9ba654f,grey
15edf8151d,grey
16344b2659,grey
1770a6ae4a,grey
17715cc183,grey
17e6f69b6a,grey
180cb53659,grey
1929a358d5,grey
19acfeb09c,grey
19fbd561ff,grey
1a3bc0d55d,grey
1b5b41b3ca,grey
1c92591225,grey
1d230b0afd,grey
1d86a47eb5,grey
1dce184989,grey
1e34474f20,grey
1ec9fe3762,grey
1f833aa62b,grey
20387cb6ae,grey
207d0037b6,grey
20c616d6ad,grey
212bb90a40,grey
227727a4f3,grey
232f962633,grey
2378234fb8,grey
242941e583,grey
2480a2da03,grey
25195b2487,grey
2545bad516,grey
261b8dcdc6,grey
27faee7a2a,grey
2850a006ea,grey
2921130010,grey
2963c3f543,grey
29e598b42a,grey
2a350ccc03,grey
2aa587bdb2,grey
2aa9c73bbf,grey
2b2868f1bf,grey
2b72751a69,grey
2c79e77de6,grey
2d9488fd54,grey
30fd7c7ce7,grey
3174f96329,grey
32553f1b07,grey
327df63f98,grey
330e445596,grey
339b1faea4,grey
33b3ec0346,grey
3560e249d7,grey
35da01d4d5,grey
35f1cc7e7f,grey
368e810ec0,grey
36cd2c3c3d,grey
37699a2157,grey
37c9975708,grey
37dca0033c,grey
3808d5492d,grey
393be5b796,grey
3a0c9c6e4b,grey
3a33fd4145,grey
3b973b2c08,grey
3bf51ad1a1,grey
3cf196dac4,grey
3da32fb8e5,grey
3e481d1e79,grey
3eab98262a,grey
3eb801bb35,grey
3ec4c7b459,grey
3fca08f7ee,grey
3fd0940a05,grey
40b6a28651,grey
40ef94c53f,grey
415d4a21b5,grey
436ded4c59,grey
449edc482e,grey
44afa56008,grey
44be49b9da,grey
450f773b9f,grey
471ef4d87b,grey
4788f8f6b6,grey
48fd42eb0c,grey
490db07f22,grey
498805352d,grey
4a36d7178d,grey
4a443f4fff,grey
4a526f8649,grey
4b9a908dc9,grey
4bf2ecb9e2,grey
4c540f4212,grey
4e01888101,grey
4e786bd2a1,grey
4f87e2d2b7,grey
508ad7b3e6,grey
50d100bad7,grey
5289ff09a4,grey
52b3f22ac9,grey
5361c97597,grey
53d5c14a91,grey
548cb2447f,grey
55fa59b599,grey
566dd57af4,grey
56adc6f7ec,grey
575f73ff6c,grey
57ad4ff0ef,grey
5971f5fda7,grey
598b95ca96,grey
5abf375253,grey
5aca79d368,grey
5b46a1a090,grey
5c4655bda1,grey
5c83548836,grey
5ce037d58e,grey
5d46e2c51f,grey
5d6fc48316,grey
5dad3cf611,grey
5e1b1cafda,grey
5fd4fb91e3,grey
60f7e48e8a,grey
616436c3f0,grey
61ade04daa,grey
61c392ab90,grey
62162e0366,grey
62321a3cfc,grey
62a140db35,grey
62a1c0c843,grey
6375934793,grey
63965a3fc1,grey
641b4d66f2,grey
64b57deaf6,grey
65a51dea6f,grey
6609a6420c,grey
670ef322ec,grey
674a0c58c7,grey
6772574d4d,grey
67967745cb,grey
67c9f96161,grey
67e81ced78,grey
68dff0de46,grey
693f2976dc,grey
6957ffa261,grey
6a217c9630,grey
6ab227cb75,grey
6b2324f2a3,grey
6b397fe82d,grey
6b4a5dcf13,grey
6c4fdc054e,grey
6eaa8a2f0e,grey
6ee15a2217,grey
6f54c3a569,grey
6f77e09cf5,grey
704009373a,grey
709f2a7eef,grey
710a9d2033,grey
71531c7504,grey
716540d2b9,grey
732e96b294,grey
7415960c59,grey
742b1e4842,grey
74cb5a2bf7,grey
75c821f733,grey
7681b7258b,grey
770c8dd86c,grey
7780bdf0ac,grey
788d95af19,grey
78bfc4f2be,grey
78fe89119d,grey
791ba7de28,grey
796cd3681d,grey
7a0d8dad6b,grey
7a6dfd10db,grey
7a6fe47090,grey
7abfaee27f,grey
7c7886d0e2,grey
7cf8bddfc1,grey
7e31dfab74,grey
7e51f1de1a,grey
7e8c8397e8,grey
80232e4d25,grey
8024222844,grey
80275d336e,grey
806af3fe93,grey
82b0d44cc7,grey
83150a8dfd,grey
83303fb9b1,grey
838b70d603,grey
84b0724db2,grey
84d9de42d6,grey
84e21770f3,grey
85be2b82fa,grey
85e8c82a4f,grey
86018da186,grey
864ca3936c,grey
88190999af,grey
883faf7260,grey
88558dc31a,grey
888618dfbf,grey
89481da36d,grey
8960540a04,grey
8a07be819c,grey
8a62aa38db,grey
8b23d040dd,grey
8b24146c76,grey
8b34a5b9cc,grey
8bb564df28,grey
8ca6fc5197,grey
8d8547abee,grey
8dff746a82,grey
8e147ca8b0,grey
8edc8fcdcc,grey
8ef1dc2879,grey
8fc481bbe8,grey
8fd904d50e,grey
90cb5d5c2c,grey
90f128cbcc,grey
90fac88b1c,grey
9175a311ae,grey
91e7e76b01,grey
9206c35c77,grey
9208b67ca5,grey
92987542d6,grey
930590c72a,grey
9314eb2882,grey
94454259d3,grey
94b73c86de,grey
950795d0bf,grey
9576ec5566,grey
96a8221fcf,grey
98074e59d4,grey
987471d37a,grey
98e458e24c,grey
992c465790,grey
998065c13c,grey
9b1c7b527d,grey
9c7cd1254b,grey
9c860107f3,grey
9d974556f7,grey
9f0b66e275,grey
9f3ab18c70,grey
a0d90a4f1e,grey
a1647e1c30,grey
a1e6d41c36,grey
a232f4c53a,grey
a2474452a7,grey
a24fc6410b,grey
a2553899f4,grey
a2827a343e,grey
a2c1317f75,grey
a4c3e5fca0,grey
a59d9f0a62,grey
a6f81e02c3,grey
a7806980bb,grey
a872618a59,grey
a916eafd21,grey
a96070715f,grey
a999e0b313,grey
aae2398ed6,grey
ab05edb3ca,grey
abc41efac0,grey
abeedc15fb,grey
ac41d38d48,grey
ac4ec713bd,grey
ad3057aefa,grey
ae0faec1ee,grey
ae310e7c7c,grey
ae43c8f70b,grey
b00f537240,grey
b01fe7e632,grey
b220c93360,grey
b2f20e6f03,grey
b33334b5fd,grey
b3540d0591,grey
b58b388d8f,grey
b5aae041cc,grey
b5ae17cd2e,grey
b6898d4e7a,grey
b6f42955be,grey
b88ae24b4d,grey
b9f8e4ec6a,grey
bac55bf9ee,grey
bb244bb79e,grey
bb2699d11f,grey
bb5cc477bb,grey
bc1c569bf3,grey
bddeec8342,grey
be7407933c,grey
be74a943df,grey
bf24a7af4c,grey
bf68012ac7,grey
c0270d4e7b,grey
c0305926fd,grey
c0745ed549,grey
c1cd9271cd,grey
c2681f4ece,grey
c37eb1d7cd,grey
c3dcf1e816,grey
c3f18daeea,grey
c40e3db5de,grey
c492e75591,grey
c5275c678b,grey
c5cf68b79b,grey
c6e87fc407,grey
c7d4c45536,grey
c82163a9a6,grey
c8ec8ce78f,grey
c8fe8046c7,grey
c9fdd603bc,grey
cb55c9112e,grey
cb99d2a036,grey
cc0ef46157,grey
cc4a2022da,grey
cc52b0beac,grey
cc55257d89,grey
cd43334a90,grey
cdb17db90d,grey
cdc8daad0e,grey
ce6039098f,grey
cea84db8ec,grey
ceb09e768c,grey
ceb7cea1b3,grey
cedba3e52d,grey
cf35a10abd,grey
d000540ca7,grey
d029ee029e,grey
d170e45706,grey
d1bce2709a,grey
d206faa42c,grey
d34e3a85d9,grey
d56cdecbf6,grey
d672731659,grey
d677b1b369,grey
d7d66ffd2e,grey
d868e1a4d8,grey
d8d59c02ac,grey
db20ac551d,grey
db84bfafc4,grey
dc84a5bc0b,grey
dc991c5b5c,grey
dca8f12e0b,grey
dce19a396b,grey
dd9d1e49d5,grey
ddbc05b996,grey
de196dc7db,grey
de1cf91288,grey
de32e914db,grey
df03c51b5e,grey
e1e2e29b33,grey
e2a3d8aa16,grey
e2c7fcf7df,grey
e2da53dc0e,grey
e307be12b2,grey
e38366a61c,grey
e443272309,grey
e549b560a5,grey
e7088f48fd,grey
e74f7ea1c2,grey
e792ff0562,grey
e820347d51,grey
eb041ed48b,grey
ebbaebf14c,grey
ebde986383,grey
ecaddd7c8b,grey
ed1b54a216,grey
edde12ba15,grey
ee9a0fc683,grey
ef80fe3db4,grey
f07db20747,grey
f0fbbced19,grey
f16d7a131f,grey
f195244bd4,grey
f1ebff8705,grey
f2791bb4dc,grey
f296a0b3b2,grey
f2fd9ca27f,grey
f338d45f7c,grey
f36218f758,grey
f4ebb2a2f5,grey
f65acfc950,grey
f6ecd45b11,grey
f7d42efec7,grey
f8aeb07b48,grey
f8b2b0e66f,grey
f96979b75c,grey
f9c8f1169a,grey
fa1e4fc0ce,grey
fafe1c2a77,grey
fb4b3a401d,grey
fb7ec070d4,grey
fb81208e30,grey
fc8e727fdd,grey
fc9c82c9de,grey
fcd8c05306,grey
fd594a8abe,grey
fdde2154e9,grey
fe998255d1,grey
fea12fdf81,grey
ff9a7d5a0a,grey
0033ba4892,red
0044793e70,red
00a8845754,red
01425458ae,red
01aca21aab,red
01ed6bcfc1,red
01f2933f91,red
0212b61821,red
02299f3e37,red
028a986c8c,red
028cd339fc,red
046175f079,red
06be83db04,red
073bf979ed,red
0797d93d2d,red
089839a93c,red
089a2f105c,red
08c803235b,red
08f2305d3c,red
09920a51f6,red
09d5983265,red
0a7c86d6bc,red
0ac5899633,red
0b2aa65ace,red
0c2071af8b,red
0c61ee1ce3,red
0ceec15f1b,red
0d00f67de7,red
0d98f6d8b4,red
0d9d806e0d,red
0e929281f7,red
0ea51bc65c,red
0ee82e8045,red
0f19b6c70b,red
0f32ed48c3,red
0f658f80e8,red
0fe10e4f0d,red
1067546285,red
109cc6a523,red
10e1196a71,red
110521a448,red
112017761f,red
113e075886,red
12837866ac,red
13ee118444,red
1449645b50,red
14cb8ab00a,red
14cee467b7,red
14e5df7b65,red
14fe09969a,red
153f02e46e,red
1550e670c4,red
15f8ec3d25,red
15fbaf044b,red
161b18c86c,red
1626678008,red
175f5812f6,red
17910cd948,red
17a2d9ebb4,red
1883cda684,red
188bb637a5,red
18a5922186,red
18eb07a025,red
197e25106b,red
1a1b57e9f2,red
1a22896277,red
1a596af775,red
1ae3f5dc0f,red
1b19929da0,red
1b754ba142,red
1b814eb34d,red
1b90de975c,red
1baea76186,red
1cf4dcb3a3,red
1d60bb77d2,red
1d68e47289,red
1ebf51baed,red
1edec5bac3,red
1f16ef411e,red
1fe2e34326,red
208acc9fb5,red
209f939bc8,red
21675a367e,red
21786fa84e,red
21b3b02806,red
21d8fb51a2,red
220b9ba339,red
226ae9b567,red
22a41c82fe,red
22fa14e644,red
230c7d3491,red
23322356a3,red
23f1263bac,red
25464a4770,red
2617e72a70,red
26b00ecdf3,red
26b06ebde9,red
2711da16fd,red
2713a12bc1,red
279ee8ae8e,red
27d00392b7,red
27fd9df20f,red
28782e58c8,red
29115a4d7b,red
296980b008,red
2a2c94d5c7,red
2b4c9a6871,red
2b6744e6be,red
2bdff7384c,red
2c094502b4,red
2c4c509887,red
2c7bd3b727,red
2cd66ae0d7,red
2d374e52bf,red
2d8eca33f1,red
2fb2ff3fdc,red
2ff2dbbc66,red
305fef69d9,red
306838dab3,red
30c3e3f915,red
316c2af041,red
316eedf4f2,red
31aeec159e,red
31c2860b7b,red
330c0f50d8,red
3316be24a9,red
334d5dc3f8,red
3350933999,red
336693e681,red
3391ae5952,red
33e8e7d45c,red
3463be8f36,red
34cfa25405,red
34eaa9f2fd,red
34ecb26342,red
35407990f3,red
35496f03db,red
369c19f799,red
36b643e97f,red
36cdac129d,red
36d244efa3,red
36e3ff7974,red
372e9401fb,red
37e85315c7,red
37f0e73aab,red
381769ef44,red
386a9166e3,red
386ca8034f,red
38c8899cea,red
392186f3ab,red
3947d6fce8,red
39e90667c2,red
3a1c4ed22b,red
3ab2a42fb8,red
3afedb3a6c,red
3b1702c51a,red
3b3049923c,red
3c8146663b,red
3cf4a430c8,red
3d1de0a6ee,red
3d4bd5e1b0,red
3d55c09fb7,red
3d7ac51b2b,red
3d8fa28b02,red
3d9415088d,red
3dad63a31f,red
3dbd8d3bb4,red
3e24c7d228,red
3eb32bcdcb,red
3ec6ea8f0e,red
3fc40c107d,red
3fc873278d,red
400f8881c5,red
40455c7671,red
4113abe29f,red
41718c0f5b,red
41995a4485,red
41b80012de,red
42423fdfeb,red
427cd8dece,red
42a219fa0e,red
43625ad262,red
43bcafcb2c,red
43cd652743,red
4475d79bf4,red
44de632752,red
451ba50b70,red
45481dea70,red
461f541c5b,red
46f7d54d49,red
46f8a5f1f4,red
47451234e6,red
4785704459,red
47c1d0cee2,red
47d1f2d301,red
47dffd8e41,red
482b0fd5d1,red
4838796213,red
4939bcef00,red
499b36de6c,red
4a9940ba2f,red
4aa42eaaec,red
4ab27b3173,red
4b8b170ecc,red
4d40c7a864,red
4dbad44ccb,red
4dc3469682,red
4dc8be2115,red
4eccf88582,red
4f5ead4a85,red
4f81c45f6f,red
4fd084e990,red
50a886981a,red
50b97addb9,red
5123285ab1,red
515cd078f6,red
51692bd70e,red
51af8d5b61,red
51bc553b6c,red
522cc258b0,red
52583a4f79,red
53c55b176e,red
5451c0f268,red
5462918c8a,red
547808b75c,red
5495b733c8,red
553eb5173d,red
55e0edf9b6,red
56cc994cf1,red
575df505a3,red
57b439c221,red
57b96e3559,red
58c0917a73,red
590c767e34,red
59222ccf18,red
5969978b07,red
59b46c82b9,red
59e58888d7,red
5b125c1aca,red
5b9482434e,red
5b9e76191d,red
5c0860c69e,red
5c1732074f,red
5c98e1b936,red
5de001de69,red
5f44630263,red
601d716045,red
610fd96df1,red
612e5b79f5,red
615ed8fd74,red
61b139be2b,red
61e47625cd,red
625e9922de,red
6416a04b1f,red
6418d88fd8,red
64691b97bc,red
6545a69ad3,red
66f398cb7d,red
671936db27,red
6723816d49,red
6769fac9eb,red
679d803974,red
67a498444c,red
67be1e0dd7,red
685d91e171,red
68610a852c,red
689e47538f,red
68cf03582d,red
68ea370b21,red
696c15f9e4,red
698976a48a,red
6ad9b64074,red
6af317c451,red
6b447adb18,red
6b721e4500,red
6bf911aa58,red
6c147805c8,red
6d161d3204,red
6dc075a3b4,red
6e123acdc2,red
6e7c55ac8f,red
6f353ebbe7,red
6f67b329dd,red
705362f764,red
709d83b50f,red
70a8be3f6d,red
71138bf11b,red
711b290a38,red
71c3c0dbef,red
722d658b28,red
733e046b07,red
753b0dacf7,red
75e6a58dc1,red
7604993f1f,red
765bed480e,red
770e818b3d,red
776f503d75,red
77c101f815,red
77f9dec5ae,red
78e339317d,red
7a2847b04f,red
7a90ceaa64,red
7a9ad6d1c6,red
7b2ffb0334,red
7bf0d685ed,red
7c155bb7e8,red
7c953ecf03,red
7cdfceca0f,red
7d69aef90d,red
7e7a2462dc,red
7f2c051d91,red
803228fbd6,red
812beb59dc,red
8190975db0,red
8215ea35d5,red
82d81b556a,red
82d8e91761,red
82f8ed9c3d,red
8300c00cda,red
8397f68db6,red
83f908bed8,red
83ffd67c1d,red
8441789051,red
8443b4ceb3,red
8473c637d6,red
84c8ed20fa,red
84d22ac261,red
84e7185728,red
853685e133,red
85af5f7086,red
865ddd062c,red
86d369c8fd,red
871b1775a4,red
8734520b89,red
874baca227,red
87b7705b2a,red
8847ad2f9e,red
88c8e28335,red
88e452661a,red
899b33df3d,red
8b79b0526a,red
8ba042a4c2,red
8bd3faa48b,red
8c6fe6e411,red
8d828c0da7,red
8e4d8ffa35,red
8e63169296,red
8e7648d03b,red
8ed8f9c553,red
8f14081b1d,red
8f96631159,red
8fa07580be,red
8fa1eeb8b7,red
8fa73e6c39,red
8fb6f6dedf,red
917907240d,red
9184afd9e0,red
91b054fac2,red
926667d096,red
92ec0369d2,red
93021408e8,red
93578dd6fc,red
93e5ecb47f,red
945afee38b,red
956d10e030,red
95b7edd19d,red
95c70b3aec,red
964358f714,red
96771a66a1,red
96f4675deb,red
976a01bc0c,red
976b70bc10,red
97bf6e211f,red
97c397e76c,red
98c8c031c3,red
98f0eafe77,red
99d0914ca9,red
9a50ed7b27,red
9a7748137f,red
9b07d8cc25,red
9bbef82db5,red
9c7b62290d,red
9c8eb8e83a,red
9cf79c7e94,red
9d57169520,red
9dc3518344,red
9dd5ae954e,red
9dea1a11a8,red
9efc620837,red
9f04e3285a,red
9f51132172,red
9f520bfe0e,red
9fa71e1735,red
a0204aaf0f,red
a059b03191,red
a06599a809,red
a110e0366a,red
a1488e2bd4,red
a1540ce330,red
a164de9a87,red
a1a4a7bf76,red
a27ab41e05,red
a2aa73e5f9,red
a40e7e0a72,red
a4d2191497,red
a4fc886304,red
a5732d0e99,red
a60a3b98b0,red
a6a5ff2a65,red
a6b29a749c,red
a74c96028b,red
a75932ec9d,red
a7ef61f2ee,red
a88dc8c8c2,red
a8e8e2159e,red
a9418b507e,red
a953454392,red
a973947f6f,red
aa1b923b61,red
aa3f51f662,red
aaaad942bb,red
ab4bd62589,red
ab60a4ee26,red
abfbc138b2,red
ac327ae246,red
ac40a77af9,red
accd82c565,red
acfca620fb,red
ad4db419e7,red
ad7c9300b5,red
ad9e605534,red
ae2f75733d,red
ae3c75ef75,red
ae46ceba76,red
ae61ef8fe1,red
ae79a07c6e,red
ae8a567ac3,red
aed1b2e993,red
b05dc80fd1,red
b07f359b3c,red
b0e8f102cf,red
b16c0ae2ef,red
b18814c050,red
b1df95801c,red
b1ed9dc3c8,red
b24b74f077,red
b2de38761c,red
b314dd980f,red
b408e0c939,red
b4b7a692a8,red
b4e7ae97b1,red
b511fb1dc5,red
b543e745fd,red
b546865b0e,red
b570215bf0,red
b594ede9e7,red
b5dcabdfc4,red
b651b6501a,red
b6f3dd6b3d,red
b705f12109,red
b76b1e40c3,red
b79b88b382,red
b7ac893f0e,red
b7ce639923,red
b8879cc164,red
b89561dac7,red
b89d237ce9,red
b9496dd062,red
b98764ba45,red
b9a07f13df,red
b9ee5882bb,red
baff1bbfac,red
bbdff8d5b7,red
bc6010d640,red
bc65cd3191,red
bd4421dc33,red
bd4a283e9c,red
bd928623c9,red
bda2bf84e8,red
be34236b04,red
bf35bacbed,red
bfbb3a5f45,red
bfc2f640a4,red
c0a088ef4a,red
c0bcb5c1d8,red
c10b1b05ab,red
c24517d9b7,red
c2a3f9368a,red
c36cbe5ad6,red
c395b0103b,red
c43b49dc11,red
c530737b2d,red
c67cedfbe3,red
c6c26941c9,red
c6c64d0907,red
c765b555e2,red
c7ef65a829,red
c803e699b4,red
c813783293,red
c847bef402,red
c8a37c2c8a,red
c8c3b4433b,red
c8ef3ce982,red
c94a0449f3,red
ca24f8c554,red
ca25052fbf,red
ca3a527458,red
cae4c796dd,red
cbc3553b32,red
cc58722603,red
cc5fa13284,red
cc7716e555,red
cde4793768,red
cf43a2ec1f,red
cf52c882ab,red
cf8a3bc25d,red
cfdf9e8d21,red
cfe60b4496,red
d044843a7a,red
d04b741874,red
d09c2056ac,red
d0e4c92db3,red
d11166145c,red
d1dc86ad9f,red
d1deeb8a65,red
d1f6088ec1,red
d2662c7a34,red
d2febf2953,red
d314aa9bcb,red
d38ab1e34d,red
d46d337e73,red
d500e0ce20,red
d5b0dedda0,red
d5e2ab77df,red
d6010ba540,red
d646c55ae2,red
d65482f8db,red
d65c2bb732,red
d82cbf94f5,red
d88b73b4ef,red
d9511b9d6a,red
d9b051cb42,red
da09b2d080,red
da1632461c,red
da448cbbed,red
dac30af96f,red
dacb61a50e,red
db25e16836,red
db9b140619,red
dc30577b08,red
dc34a6ffbf,red
dc605da6cf,red
dcbfd3623a,red
dcc2ac4cda,red
dcd314962b,red
dcd33814dc,red
dceed8c75f,red
dd6e529180,red
dd8e753584,red
df0a4eabcb,red
dfbe4b8bb7,red
dfc95e90c2,red
dff03d7284,red
e000137ea4,red
e0178e7c1c,red
e0259945d4,red
e0893c7dbf,red
e0910b4614,red
e0c3bb6ee3,red
e0d1bc48fb,red
e111113af7,red
e130ef5306,red
e178b79195,red
e1df0f5230,red
e2b12a09bc,red
e4701d32bf,red
e47240bdc0,red
e4a70cee7e,red
e4bbaa9e2d,red
e4cb6a060f,red
e4e335c953,red
e565982966,red
e659f91248,red
e6b13e811d,red
e7f09e72bc,red
e80ef46c74,red
e833095c00,red
e95a468243,red
ead787bf1a,red
eadd605782,red
eaf66d6403,red
eb01df58b1,red
eb84b2eaa5,red
ebb6c0ff17,red
ed5f6eeebb,red
ee3090a9b2,red
ef2ad98e3d,red
efc062a29c,red
efdaa17ff3,red
f030f9405a,red
f0f19bcdb0,red
f15a979999,red
f1d9c76d12,red
f25c9a01d4,red
f32b2a7876,red
f36ddc9866,red
f37f9812ad,red
f3fb9c2a5e,red
f4f88d5435,red
f5bf940742,red
f5e7aef663,red
f6648d3537,red
f6a0ebfae0,red
f6a8260d0d,red
f73ba37214,red
f74f2b15e9,red
f78977c3a4,red
f793e41df2,red
f7e2ac9ae6,red
f8acde70f9,red
f8af57659b,red
f8e7c965d6,red
f97a9f8235,red
f98e02a500,red
f99099fb9c,red
facf90f02b,red
fbd97da1c1,red
fc40f0facf,red
fc508f8a4f,red
fcfec06b3b,red
fdd20ef070,red
fe83d28e34,red
feb8f16bf9,red
ff83c4d14f,red
ff973b7913,red
ffc94176c9,red
ffd16d4bef,red
00c2507a7d,white
010126f1d4,white
033ea602eb,white
0403cc673a,white
041c4f1bf2,white
0553707af3,white
059b58464d,white
05ebcf6962,white
07e38253c0,white
087cfe40a7,white
08c22b9fed,white
09c3a47010,white
0a4ab87042,white
0c18a3a36b,white
0c2d8bae21,white
0d377d62e6,white
0eb2255808,white
0f23222e0e,white
0f90f3bdfa,white
0fd1dfa4de,white
1061517299,white
115468ff36,white
11558e7916,white
119357b266,white
11e602ae23,white
12159ae1c3,white
1238ede032,white
12847be305,white
12f053dc1a,white
1330bd8169,white
13bea5ab0b,white
13f102a4e3,white
15bfb9e0fe,white
163afb1a5f,white
176ac9df13,white
1a0b40ee69,white
1b0037df7c,white
1b1fb83c58,white
1b8679556b,white
1c181115f8,white
1d96aca6d0,white
1e44b67875,white
1f94aa88d2,white
1fd05e66f2,white
2052e8269e,white
206380f936,white
221111f111,white
22d42c07a9,white
230a8df1fe,white
231d26729a,white
23346783ff,white
234f6e6018,white
23f00d73b4,white
24008a96fd,white
242c206862,white
2491c92cf7,white
2598109c83,white
26cba57732,white
26f15b47b7,white
276294a701,white
2764940bbf,white
29074a9a48,white
2914a67735,white
29b5becb02,white
2a8648695f,white
2b1753533b,white
2c0cc3942e,white
2c4b74d0ad,white
2c5d6201bd,white
2cf1e82627,white
2d0e6d7175,white
2f636b92fe,white
2fe229289b,white
301866d93c,white
31721f80c1,white
3193719724,white
31f14c4e12,white
32553706e6,white
3284ac74ad,white
330023d2f8,white
34722f4baf,white
35019a042d,white
351d9de307,white
35d9818347,white
36a0c44e94,white
36bbde0940,white
37e737bf4a,white
380aa05f84,white
39ca107d89,white
3a67666b41,white
3ac7059a5d,white
3b23fe5d58,white
3b8ee259f4,white
3d5db5f850,white
3dc0a58c22,white
3e5538c8af,white
3e64e6af4a,white
3f272bc543,white
3f37e9cb7f,white
3fa7a61921,white
3fc8c3261f,white
40c450591e,white
41aee4a3ef,white
422cd72c41,white
4257725515,white
42ae4ce2de,white
42cea97dcd,white
4309366d7d,white
43629d59ed,white
455f4ec90b,white
45dcd3ec10,white
46e3655634,white
4726bf9d2c,white
4762157b9d,white
479e4ff62e,white
491f30fff2,white
494f3a4fec,white
4a17d9e3b0,white
4a6c073e70,white
4b1f781aec,white
4bfd07e24a,white
4c1616d6f4,white
4cc212b728,white
4dde922c1d,white
50942d521e,white
516636b4bc,white
517071ce0d,white
53ac403eab,white
54322230fe,white
560aa0f9b6,white
5641114e81,white
565ee7cfef,white
566498ffb6,white
5739db6b4f,white
5764054654,white
5962a79dc6,white
59b54fccbd,white
5a960fcaab,white
5db1304339,white
5e04360fe7,white
5e21d88ad6,white
5e4237edf2,white
5eea9bd973,white
5f9bb9936e,white
5fa8384fb5,white
60ecebd951,white
628ba3436f,white
62d7cde4d3,white
637878f240,white
63a4642dd5,white
63f51c861d,white
64a52cdc6f,white
65b1e7774b,white
661a80fe90,white
662f5065a6,white
6681a210e9,white
67369e2af0,white
6887e62dd6,white
68b094f5f8,white
68eea65f54,white
697057fc19,white
6a1199605e,white
6ca9e1124e,white
6d4254dd79,white
6d9ab4ea2a,white
6da7270a06,white
6e1f5e80f1,white
6f858994a2,white
705360a932,white
705f0b19e2,white
719861f657,white
71e4a4b060,white
7370c5d112,white
73b85b86bc,white
75363b4358,white
75b469399e,white
76f0a4b782,white
77a9ec80dd,white
77aa0f25e9,white
7845f9df02,white
78b8566b09,white
78bd8f1dee,white
78ddcf1435,white
791c262bf1,white
791d26e921,white
799120c98f,white
79b1924983,white
7a00d01024,white
7a32f0dbae,white
7b1509c239,white
7b4145b24a,white
7b8aecf4c9,white
7b9fea6458,white
7bb629292e,white
7bdc920694,white
7c76dd4d40,white
7d27bc2da6,white
7e55606a95,white
7e662c7b5c,white
7eae0137e9,white
7fe11ee7aa,white
80b93a159a,white
80beb74442,white
80c5956c2e,white
80c72272fb,white
814e205a3b,white
81b861d606,white
82549b3181,white
82d001a280,white
83ac3b2a0b,white
83d79c05a8,white
848ab36408,white
854f430421,white
859e9c693a,white
86338312ca,white
867312db2b,white
88084a1b3e,white
88c26e6d6c,white
8903f3a50e,white
8a0f21281c,white
8b2a677b96,white
8b6331daf4,white
8b6b80276a,white
8c5aa2b78a,white
8c68aa97ba,white
8c82a2c0e6,white
8d05efa6ed,white
8e3129e362,white
8ed68edb1b,white
8f3e784e01,white
8f6ffde099,white
8fe7250b2f,white
90814d1a4a,white
91d1079569,white
92969c3feb,white
93447ff842,white
93bbc95936,white
966bf1cda1,white
9700b1048f,white
975ee73728,white
9813d048d5,white
98277fc272,white
991df7cf58,white
9a093aaf42,white
9a34c62f08,white
9a395a96c8,white
9b139bb321,white
9bf80935ca,white
9c13e01322,white
9c7c690aba,white
9d4dca8f5e,white
9d835a2e7b,white
9ef8b48f9b,white
9f9283511f,white
a05bf15371,white
a09d3e498a,white
a0bd2acf3e,white
a246632889,white
a3108de4ff,white
a3d334f96c,white
a4e62f7b6f,white
a54bbd7209,white
a5769e6682,white
a6b5aaa78f,white
a72952efe0,white
a75cc08367,white
a7c9717ef0,white
a89d4c6ff4,white
a99ee2b7c4,white
a9a7fe5efb,white
ac08c39fdb,white
ac562a48ae,white
acaef9edd1,white
add611a151,white
add8628329,white
aea5217078,white
b0bd8f1531,white
b1057624da,white
b11eb17665,white
b277f05345,white
b27c556d73,white
b377e86008,white
b382178964,white
b3dc472409,white
b3e2816ea2,white
b41f625e43,white
b4255a7405,white
b42c2d47d5,white
b5e16bcdea,white
b6d68cebdc,white
b7f6c6ce11,white
ba3c1d2549,white
ba44569446,white
bb0b8b6119,white
bd0f3df15b,white
bd750dffc0,white
bedc372055,white
c1b30175f2,white
c1eb71e863,white
c3c2ad28c0,white
c3c6f06e75,white
c454901e41,white
c46c83f609,white
c50e37fa3a,white
c664c4359b,white
c6b7398ccc,white
c8599574fc,white
c8ff5ad579,white
c92d531cb3,white
ca8d750b69,white
ca993fafd6,white
cb74e61910,white
cba7eb8cee,white
cd62aa5d83,white
ce7df49376,white
cf0883d659,white
d013c222f0,white
d061171aee,white
d07714fdf9,white
d13b95b548,white
d167c5c9c1,white
d18ac18f53,white
d202180421,white
d2148ba11b,white
d21f75bab4,white
d2ca57544e,white
d2f0d18dad,white
d4aa7a4b92,white
d546aa64f5,white
d54e073095,white
d5d8d81cb5,white
d7465c1361,white
d7ea12e645,white
d83af67215,white
d926eff0ca,white
d9532aacb1,white
da31ce0b7f,white
da5fb0c03e,white
da816b74ba,white
daa85e70b5,white
db8a00ebee,white
dc698aff27,white
dcd8e57a3b,white
dd18dfa056,white
de217bf3bc,white
df979ea51f,white
e001dfac19,white
e0e7e167fb,white
e0f88fb161,white
e155455557,white
e250b6640e,white
e25595cbbe,white
e5a96ed792,white
e626caedf5,white
e8021ca889,white
e8843140d1,white
e8ef6600ce,white
e903689650,white
e92de657db,white
e96a6366a0,white
ea050ff629,white
ea5d8f2c96,white
eabc1ea23c,white
eb1c4d0566,white
eba69e0dc9,white
ebf14b890a,white
eda6af0f66,white
ee5f6741c4,white
efb46910db,white
efe283fe1a,white
f0557dc8d0,white
f1a8f94b56,white
f21cc86348,white
f27b3b5845,white
f3962c3d5f,white
f3dace77d1,white
f4320d5334,white
f5880bb3de,white
f5d32e6c41,white
f5e339003e,white
f622e11d8c,white
f65a8a31e9,white
f660c39018,white
f6b0b2cbd0,white
f79fc64d0b,white
f7da77bea8,white
f804856a35,white
f8d8811bac,white
f9cdc4c42f,white
fa457b0fc4,white
fbdb003b5d,white
fc151a9af2,white
fcb6bfcb1a,white
fce88ec371,white
fce8b3db74,white
fd195d125b,white
fdcdb8329b,white
fedc367790,white
fee150a10b,white
ff1039ae11,white
ff3196c12d,white
ff7f43d5c4,white
ff9624f5cf,white
0154ea0fa4,yellow
024298ba68,yellow
0251ac35f3,yellow
0278c88559,yellow
02bf1fa8dd,yellow
02c14819f4,yellow
03453c7c20,yellow
0390fc4fd9,yellow
042bd84e26,yellow
04b38d044c,yellow
04d00d570c,yellow
050693b8c4,yellow
053cdd288e,yellow
054060d3d8,yellow
0581759151,yellow
0632974cad,yellow
0655d56ec1,yellow
06863964c2,yellow
069e4b8ae2,yellow
08e5420ca9,yellow
09039df110,yellow
0987065867,yellow
0a2cc61b27,yellow
0aeecd47f6,yellow
0bd5970444,yellow
0be3b7a43c,yellow
0bfc66d916,yellow
0c49ebdd3e,yellow
0cbcb9b436,yellow
0d6be0b327,yellow
0ed18f2edf,yellow
0f0317b2d9,yellow
0fa2551fe2,yellow
0fed9e14dd,yellow
1007ed069d,yellow
100a2c9984,yellow
1140f22594,yellow
1159b39178,yellow
1380e0d932,yellow
14dee054d6,yellow
14ea2a4160,yellow
15035aa91f,yellow
156e80518d,yellow
16a99da69f,yellow
17ad41c313,yellow
17bb678b33,yellow
17e0ad5645,yellow
1862bb878a,yellow
18facbe679,yellow
195b62970e,yellow
1977056e19,yellow
19d95796d1,yellow
1a7f039cde,yellow
1b80acaf76,yellow
1ba8059af3,yellow
1cad8bfa96,yellow
1ce32aeee3,yellow
1d0f4dff78,yellow
1da4310943,yellow
1dffd7a15b,yellow
1e49fa29ab,yellow
1e6554ea8c,yellow
1e693087a6,yellow
1ea4b68979,yellow
1fdc71fe72,yellow
207d6b7c07,yellow
20d182cc32,yellow
213a338d3c,yellow
22252a9f34,yellow
226e86a7ef,yellow
22bed4ce9d,yellow
22e771fa38,yellow
23b5709da6,yellow
2411ca0fbe,yellow
24207c486f,yellow
243a7291f2,yellow
2456e2e93f,yellow
246c43ba10,yellow
258e887475,yellow
2630b56445,yellow
26ab700717,yellow
27188f96f7,yellow
274a184f6d,yellow
27dbfe9fc5,yellow
289017590d,yellow
28aeed5062,yellow
28dd328812,yellow
2928e7b045,yellow
2aaddc97bb,yellow
2adf86431f,yellow
2af17332e2,yellow
2b01deb826,yellow
2b4c1698cc,yellow
2b7d9f8db2,yellow
2b945c37a3,yellow
2c3cfd1a0f,yellow
2c46c06a93,yellow
2c4b383ccb,yellow
2d0f75cea7,yellow
2e65dbc048,yellow
2e678b74cd,yellow
2f19590d6b,yellow
2f97870aa1,yellow
2fce54618a,yellow
306200b0cc,yellow
308973f0ce,yellow
30b0464086,yellow
317f32880b,yellow
31c00864bc,yellow
325d939166,yellow
32a30e3e23,yellow
330c1ee35b,yellow
34603962a8,yellow
346a41096d,yellow
34bcf4867e,yellow
34f2c5c82d,yellow
3575e1f6bb,yellow
359f0265be,yellow
36de952806,yellow
370a8c1afc,yellow
37fd32dbf8,yellow
3800d9202a,yellow
382f12b639,yellow
384cf47343,yellow
38603672a1,yellow
38c143c8c6,yellow
3995c7268b,yellow
39b400c301,yellow
3a7941ac79,yellow
3a7f0dd0ad,yellow
3add0b2f64,yellow
3af3a2d4d8,yellow
3b69d863ed,yellow
3b8ce4503b,yellow
3ba5fce570,yellow
3bd9b0524c,yellow
3bff870003,yellow
3d1f67bdf9,yellow
3df1fd0d39,yellow
3e011eee62,yellow
3e0e4b6736,yellow
3e14483c9c,yellow
3ec05e13b0,yellow
3eecd16f6c,yellow
3f0ff1a542,yellow
3fda72a3be,yellow
4070460596,yellow
40e6378db5,yellow
416301d6b2,yellow
42019d0253,yellow
422152452a,yellow
425042dcf7,yellow
426844dc35,yellow
42922eaaff,yellow
42cee95fd2,yellow
42dfef8083,yellow
43753560af,yellow
439a3e536c,yellow
43f75b41fd,yellow
441ba6918d,yellow
441f1607db,yellow
4445e9602d,yellow
44ba14a667,yellow
44ba32fc31,yellow
4508ea627c,yellow
454ca00335,yellow
45a00a8a4a,yellow
464a5346e6,yellow
464baef3cf,yellow
467f3061e1,yellow
46da0036be,yellow
470adde2b9,yellow
47841b6571,yellow
48089297be,yellow
48501e4e0f,yellow
485291b340,yellow
48f7237a40,yellow
497383f416,yellow
498e190841,yellow
49a5110d70,yellow
4a1acd6408,yellow
4a34fdb804,yellow
4b05c38e1b,yellow
4c0e760b97,yellow
4c53901f87,yellow
4cec7c853f,yellow
4e584593d6,yellow
4e65153dcb,yellow
4e80f5f0e8,yellow
4eb8b311b5,yellow
4ee6c609ce,yellow
4f39d2ce5f,yellow
4f4150cdec,yellow
501c9b641b,yellow
50598480c4,yellow
50f0399212,yellow
5106e6ee12,yellow
51929c5cb4,yellow
5198e2fcdf,yellow
51c65b3d5d,yellow
52f11e8205,yellow
52f6f74aa6,yellow
53a80c97d5,yellow
5459a392e5,yellow
559ee1afe6,yellow
564f725ab3,yellow
5651a4c792,yellow
56ae9a44ea,yellow
56be686891,yellow
5728a11658,yellow
5897c7be35,yellow
58d38c7f69,yellow
58feaae7cc,yellow
59b9b23dea,yellow
5a403ec1e3,yellow
5bcf111158,yellow
5cfabb578d,yellow
5d9434be8b,yellow
5e929d33f0,yellow
5eddd295ed,yellow
5f104c5f0e,yellow
5f924ee308,yellow
6228949191,yellow
62954efaf2,yellow
62d43805f2,yellow
65ebe7f621,yellow
660bad756f,yellow
6637245b4e,yellow
6825954fcc,yellow
6842e9b48a,yellow
684ab0d5a3,yellow
684f39c6df,yellow
68fcc45f95,yellow
69e07de07a,yellow
6a1061a308,yellow
6a1e5e4f26,yellow
6a463ded1b,yellow
6a6171bad4,yellow
6b37c50208,yellow
6b38fc9593,yellow
6c1d9845dc,yellow
6cdda1e5a3,yellow
6dac3c432d,yellow
6ddd4f823e,yellow
6e2a8ca1b4,yellow
6e6ff9ccc4,yellow
6e8561063f,yellow
6ed4e1b768,yellow
6f244d8d70,yellow
6f7ae91f19,yellow
70057a9a90,yellow
7078137d50,yellow
709e241290,yellow
71985f784d,yellow
71ff67d693,yellow
7236007fbe,yellow
7276768938,yellow
729609c3fb,yellow
72a5891d27,yellow
72f193a5ec,yellow
73965d4681,yellow
74268edde6,yellow
74b38145ad,yellow
7540597021,yellow
75856eeb18,yellow
75d8e3904f,yellow
7767c9f8b6,yellow
778612b3b3,yellow
77c3835b07,yellow
780d7d9827,yellow
78ed0a961a,yellow
7948a64676,yellow
79a32b4376,yellow
79b60abb3a,yellow
79bf77c152,yellow
7a2d0f55cb,yellow
7a7937c364,yellow
7bc944ce11,yellow
7c1a446859,yellow
7c5e460930,yellow
7cac2e9fa9,yellow
7d479d5da6,yellow
7dc211211b,yellow
7f4cc750a2,yellow
7f7d29b497,yellow
7f94d4e19e,yellow
7fd7c92215,yellow
7fda0c8004,yellow
804b012d9c,yellow
814daca964,yellow
8163bc42aa,yellow
8182c96a97,yellow
819479e9aa,yellow
825b285542,yellow
82a654f3bf,yellow
82c2859855,yellow
84037fe608,yellow
840662612f,yellow
8492f6776e,yellow
849753b894,yellow
84e805fef3,yellow
852298dc6a,yellow
85df6f85df,yellow
865564f46c,yellow
8660995161,yellow
868227ede7,yellow
86ce973eef,yellow
87e6951a58,yellow
8810b4c09a,yellow
88444330af,yellow
894b30e2a8,yellow
89f01c4af9,yellow
8b2464a6c4,yellow
8b529fa274,yellow
8baa7c6f35,yellow
8bb38861e4,yellow
8bf9f31055,yellow
8c0cf287ce,yellow
8c24156103,yellow
8c80dfc4f8,yellow
8e079f24fa,yellow
8e35dbe4b9,yellow
8ef27db956,yellow
8ef426d04c,yellow
8f4668651a,yellow
8f743c533b,yellow
9018e5c48b,yellow
9059f274be,yellow
92970a6852,yellow
92e207ecbe,yellow
9545e2bade,yellow
9767724ef0,yellow
9799d57599,yellow
980fff3271,yellow
98afc32124,yellow
9912dadb56,yellow
994af800ec,yellow
99d601545b,yellow
99efbcae08,yellow
9a4e967344,yellow
9b032f35c5,yellow
9b18c6fa46,yellow
9bfaca921c,yellow
9d0a04e7ec,yellow
9d0ee855d7,yellow
9d0f19d949,yellow
9d5121737d,yellow
9d73d7fa84,yellow
9d92be153d,yellow
9e32e7f9a2,yellow
9e980160c3,yellow
9e9f6863b4,yellow
9f602fa00b,yellow
9fd97b490e,yellow
9ff95e0e5e,yellow
a06ad5bbb5,yellow
a0bedaf19c,yellow
a1ee4bbab5,yellow
a2674a25e7,yellow
a2ebe7ce7e,yellow
a3461a3547,yellow
a3498f3910,yellow
a3f0f2f6d7,yellow
a414b3436b,yellow
a5707969cd,yellow
a5b650d0fb,yellow
a5bccc08bf,yellow
a5c8c0cdbb,yellow
a5e4e9e727,yellow
a5f00c0795,yellow
a6209e2d6b,yellow
a6682eaaa1,yellow
a6db788073,yellow
a730560646,yellow
a7be1e041a,yellow
a7bfd8fd16,yellow
a846c78e84,yellow
a89efe9f16,yellow
a8a95ad86c,yellow
a9127fe9ee,yellow
a95716330e,yellow
a981556a9b,yellow
a9dfe6d7ab,yellow
aa3a30cce2,yellow
ab2293e3aa,yellow
ab689099cc,yellow
abff1c37ea,yellow
ad423237bb,yellow
ae0cff6ad1,yellow
ae1a23cbd9,yellow
ae59208e7e,yellow
ae597d5d18,yellow
ae82e8f68f,yellow
ae971b8645,yellow
aeafd4afb8,yellow
af7d707e5d,yellow
afc7a1a10d,yellow
afd7927c75,yellow
b01942afac,yellow
b177db664b,yellow
b18162dc56,yellow
b26510ce9a,yellow
b348f49f22,yellow
b3567d893e,yellow
b35d5ab53a,yellow
b3a53ba654,yellow
b427b21db4,yellow
b44f806011,yellow
b4dec96e00,yellow
b5afa5fed6,yellow
b5bde2d3f8,yellow
b5e60fc1fe,yellow
b5fc811932,yellow
b73a7aecb1,yellow
b81b204467,yellow
b8760df5e9,yellow
b981b10083,yellow
ba73d89921,yellow
ba7b0c4b8e,yellow
bae9b22831,yellow
bb756db937,yellow
bba55483f9,yellow
bbfba4891a,yellow
bc2f0760be,yellow
bc713cfa69,yellow
bcf696f948,yellow
bd67d80b6e,yellow
bdbebb935e,yellow
be1e751d6d,yellow
bf2131562e,yellow
bf2c686ba2,yellow
bfdbd6f2fc,yellow
bfe4bfb896,yellow
c1b023325e,yellow
c1c3f906a4,yellow
c1e3737599,yellow
c2094aa863,yellow
c241f71cc0,yellow
c2a6b5ddd2,yellow
c303e3a276,yellow
c39c92b0f3,yellow
c54484e803,yellow
c5b19c8f10,yellow
c5d652da59,yellow
c659013818,yellow
c65a05c292,yellow
c6740c23e8,yellow
c6cc39ed10,yellow
c849b1ebde,yellow
c88a2777ee,yellow
c8b874a220,yellow
c982494396,yellow
c9e35e6001,yellow
ca48960270,yellow
ca6752c912,yellow
cb0a03f9b0,yellow
cb75f9438a,yellow
cba0bf4e6b,yellow
cc5ac80402,yellow
cc80e2d2ce,yellow
cd1795dd55,yellow
cd594727b4,yellow
cd8abfeb42,yellow
cde94239f2,yellow
ce7e7085a2,yellow
ce846e9ebe,yellow
cfd11cedcb,yellow
d08d081dfa,yellow
d0c7d5348f,yellow
d0c81c0516,yellow
d1237def63,yellow
d18bbf65b9,yellow
d18cea4f3a,yellow
d20690a206,yellow
d36ea4455b,yellow
d3f053791b,yellow
d44d2b9483,yellow
d49537be15,yellow
d49df52ecd,yellow
d4c15eae30,yellow
d4f141640a,yellow
d527a484b2,yellow
d653afb75d,yellow
d6b6412926,yellow
d6bd257259,yellow
d792fb65eb,yellow
d829ef77c0,yellow
d838ced315,yellow
d8895bfa62,yellow
d8ddea6923,yellow
d94e099c9a,yellow
d95701c7cd,yellow
d9a29ccadc,yellow
d9d371f482,yellow
da2631984b,yellow
da363c255c,yellow
dacd33ade8,yellow
dbd3368f63,yellow
dc1ab4d175,yellow
ddf9226792,yellow
de181a7d94,yellow
df69150d06,yellow
df77f800b9,yellow
df99c00c98,yellow
dfca8f17fe,yellow
dfd24ab509,yellow
e00365ae93,yellow
e01d8650c1,yellow
e0aca524dd,yellow
e0bb74624b,yellow
e13cc95105,yellow
e1bc27d481,yellow
e2bf8d1765,yellow
e2e6006fec,yellow
e3104a9ff6,yellow
e316302f45,yellow
e329860097,yellow
e376fcffbd,yellow
e3cdac0e22,yellow
e3f2e2940d,yellow
e4118b0b9c,yellow
e41e0887d7,yellow
e483a3564a,yellow
e4aed7d88f,yellow
e4d947c6da,yellow
e5193042d7,yellow
e54a1d0526,yellow
e674c8cddb,yellow
e67bfe8d91,yellow
e6eec12dad,yellow
e6f20774b0,yellow
e714a40a93,yellow
e71a7db75f,yellow
e72496f437,yellow
e772286f6a,yellow
e79008988e,yellow
e88853e6db,yellow
e8d44787f0,yellow
e9987f0482,yellow
ea84752ee2,yellow
eb1d560e09,yellow
ecbf9cf88c,yellow
ed30407b9f,yellow
ed808e3817,yellow
ed840ca4c7,yellow
edcb6c1fb7,yellow
ee1c7f59e9,yellow
ef72229da3,yellow
eff4a46283,yellow
f050b32367,yellow
f0ec996f03,yellow
f19d40c86d,yellow
f1b209de84,yellow
f1c84f26e0,yellow
f24d68f4e0,yellow
f3424e1651,yellow
f378e144a6,yellow
f38d22951f,yellow
f4e230e88f,yellow
f51ef1a070,yellow
f79a5f51ec,yellow
f7e2eaac96,yellow
f82a1c60cd,yellow
f8b712801c,yellow
f93338845c,yellow
fbfe23ea65,yellow
fd0d89ec10,yellow
fd46971f1e,yellow
fd817e61e7,yellow
fdd8fe8d90,yellow
fde8201722,yellow
fe6f8b69b4,yellow
ff423ca797,yellow
ffaf4ab2b7,yellow
ffcaad9490,yellow
ffcb40a2c5,yellow
ffe322f18a,yellow
